prediction,target
0.6229448495923965,1
0.8376748956712664,1
0.7241283761551565,0
0.680237621878854,0
0.5502196994047506,0
0.6908913009625087,1
0.5295079457559818,1
0.6481894994585493,1
0.6620893520696598,0
0.49203131346009427,1
0.6386502216326843,1
0.6607603434484242,1
0.6369899871309144,1
0.59599020843123,1
0.5996109495837952,1
0.6386466325996979,1
0.5727799852777985,1
0.6287505530326453,1
0.6329845255550172,1
0.5437129721651498,0
0.6043852767321056,0
0.46389684415333937,1
0.6356772981300842,1
0.5179844674257228,0
0.589460025037867,1
0.4896726061077977,0
0.7676221217609529,1
0.5558260694113556,0
0.6305173368171999,1
0.5925307630220992,0
0.4253585150470726,0
0.6254148816468765,1
0.5904869845682805,1
0.5816733100062758,0
0.6445280055581812,1
0.7084690211675319,1
0.674634085209336,1
0.6583961243435119,0
0.6151305505224999,0
0.5341114040374358,1
0.5759848232122425,1
0.6344983611256367,1
0.618390436797447,1
0.7910562534079717,1
0.6512099966832174,1
0.725715039426298,1
0.6409296143278719,1
0.708674168921099,1
0.45369937404614047,0
0.34425645726850745,0
0.6017954010602073,1
0.7633698773918911,1
0.6458674392568925,1
0.5312833692803509,1
0.573815112186384,1
0.5875931523283717,0
0.4722527339267389,0
0.6419252383569628,1
0.6557308837368466,0
0.7108140555961646,1
0.516883355146945,1
0.632332841200538,0
0.6574915172716809,0
0.557241939853724,0
0.6110289837912128,1
0.5917857427801889,1
0.7500866234532974,0
0.5811492823635425,0
0.6018402786166136,1
0.44841378524137454,0
0.6267809921412896,1
0.5815639055397201,0
0.492129907604602,0
0.5843637055559435,1
0.48172841703639263,0
0.5969798971259163,1
0.5205600294265779,0
0.5521335431728068,1
0.6457608861914085,1
0.6131851499043759,1
0.561746838278888,0
0.5532876615229498,1
0.6160544698507571,0
0.381531333401685,0
0.6876998832614392,1
0.7978477826966849,1
0.6105471220601961,0
0.5690187242416274,0
0.6676621576799313,1
0.5880169665026613,0
0.6563212773859157,1
0.6898428049587918,1
0.588427457473813,1
0.6649371822757005,1
0.30625315662205094,1
0.5624250051310429,1
0.5793172012970854,1
0.6678758149797765,1
0.6612207867986105,1
0.5361985633170189,1
0.615802497343683,1
0.6313378450305308,0
0.6291814028388153,1
0.5028028245131003,1
0.46921378033577427,0
0.642469352940441,1
0.3464992667825643,0
0.6784960168403255,1
0.6428001312520848,0
0.4851194987356656,1
0.6567348252317694,0
0.4555567677372524,1
0.6470198782963074,1
0.3981294429720664,0
0.6523867707650023,1
0.5998039490362836,1
0.6538699040622662,1
0.6339705147253027,0
0.7158000795009642,1
0.6026507649739943,1
0.770550060143837,1
0.5101767323978003,0
0.3962301813085587,0
0.6401820697100564,1
0.5235601747351654,0
0.6879837102688884,1
0.6622509562403619,0
0.5028684156203014,1
0.6549145260950014,0
0.5210168372343129,1
0.5584596520334437,1
0.5956282884882971,1
0.6916651633807473,1
0.7396940456215801,1
0.36862685979212845,0
0.5631674237895833,1
0.5738878275648095,1
0.5717081917558005,1
0.6233956508436601,0
0.5700156782224686,1
0.6403636017825621,0
0.629775166001689,1
0.4339192688546023,0
0.7526687274419742,1
0.6022474614315321,0
0.49276607493957547,0
0.6626797849485144,0
0.6118495631854391,0
0.476401824911405,0
0.5203570701077348,1
0.7238691436073219,0
0.543474645611594,0
0.6545356605679525,1
0.537347203488449,1
0.4064281533421445,0
0.49748784947588026,0
0.6566350674806668,1
0.662582210587774,1
0.5457955861506948,1
0.217018770001243,0
0.6210660553242758,1
0.5533225187428106,0
0.47254934120492287,0
0.5764095301726082,0
0.5993377175392571,1
0.4194740132151351,0
0.6570885722115368,1
0.5413601490840695,1
0.5164703626612436,1
0.43190730209926775,0
0.6178812106653819,1
0.5749251762300905,1
0.7491377999473029,1
0.7373699384007109,1
0.5332753678329579,0
0.4236470884984587,0
0.6400708807647706,0
0.621989758108395,0
0.5883024591784294,1
0.6013949045440948,0
0.6663395249344725,1
0.5690100221361999,0
0.6377859955525736,1
0.594869436570762,0
0.6584445339151386,0
0.7149006325733575,1
0.6868741477337802,1
0.6100577306815927,1
0.8457051352461251,1
0.5203279300212817,0
0.729443488396869,1
0.6626580758380096,1
0.4947523107341486,0
0.5513567935598113,1
0.4133227247094381,0
0.37090161732726634,1
0.5844933915288134,1
0.5649420415158455,1
0.5597837194807458,0
0.6580728129113808,1
0.525317553384912,0
0.5593144464189627,0
0.6009289150830772,0
0.5078079685361362,0
0.5192027170385283,0
0.7011229050950575,1
0.6917068203317179,1
0.6389219481911542,1
0.6264024425439237,1
0.5315959365239792,0
0.5882507007946763,0
0.5638435749050168,0
0.6354743139691753,1
0.7442466409786344,0
0.5131374465674869,1
0.7026439712314305,1
0.6009738007059018,1
0.6012515042706924,1
0.5580882440918464,1
0.4538443407635346,0
0.6997679323542287,1
0.5950658372116744,1
0.669704950960228,1
0.638535931849094,1
0.6732385912334455,1
0.5684724244726672,0
0.5004356863543116,1
0.7850386849840243,1
0.5227560429495488,0
0.6991503085124496,0
0.5254836266323585,1
0.4778091937023139,0
0.6833175853008998,1
0.46265367429979515,0
0.5030971913200601,0
0.577582261625133,0
0.7866418821482827,1
0.8099736277123439,1
0.5818647274794904,0
0.7852053859738836,1
0.597460262640887,0
0.5529946978304149,1
0.5825030575359679,1
0.7845502396957539,1
0.5898680487592071,1
0.7059236319649704,1
0.6980451582904518,1
0.632471514544451,1
0.5860657084331892,1
0.6733192526661846,1
0.6153770187222144,1
0.5939358266290704,0
0.6453953718986912,1
0.595722695420166,1
0.4047772013052025,0
0.5072004976559633,0
0.5582672679227946,1
0.643351565838882,1
0.6423826836560681,1
0.578909214041158,1
0.4016457606412204,0
0.6015303989765058,0
0.64716175256077,1
0.5943744105954946,1
0.5709585738758634,1
0.6011044381260301,1
0.6728410010038027,1
0.6419524656523402,1
0.5685793023761072,0
0.6525132619250961,1
0.7417283714878071,1
0.7715016011133289,1
0.6563562036281214,1
0.5893218587719107,0
0.5617749069475012,1
0.5465632832392205,1
0.7132589324740074,1
0.5502978981830944,0
0.2696887753191135,0
0.6147382445131204,1
0.36166800774002505,0
0.5890340627921731,0
0.443914319579719,0
0.670737401667966,1
0.6599693937277179,0
0.6246733045811296,1
0.6055989770112764,1
0.5237976190249879,0
0.6321339190597696,1
0.7066147845612355,1
0.29069424422694107,0
0.5560914800061317,1
0.5731331750538986,1
0.6113007560808666,1
0.6521343880991239,1
0.6191648715885038,1
0.6817170533216766,0
0.5955167996324939,0
0.7582283649857678,1
0.6407295850517645,0
0.6526468102244065,1
0.6256413870058227,1
0.5826759114502129,0
0.5872455557997049,0
0.6601219586691989,1
0.594383863799208,1
0.6989497298861035,1
0.5883006818524054,1
0.43546679728979776,0
0.6703911149298837,0
0.5941847085999986,1
0.7094389065205784,1
0.560193033720824,0
0.690054491491968,1
0.5709143076792538,0
0.5583006614325967,1
0.6088778335401978,1
0.5921520105289643,1
0.5740924638156176,1
0.5809228920483097,1
0.6563844004619949,0
0.681381354088219,1
0.71551521896522,1
0.6192985141899875,1
0.591651289502552,0
0.5708101065418477,0
0.518633478117761,1
0.8447339438571002,1
0.5781136667954504,0
0.6506097366613129,1
0.6180704579441432,0
0.5832378459044419,1
0.6800581269272454,0
0.5983531752846628,1
0.6274113007317199,0
0.5774790272729003,1
0.5936506027319565,0
0.5862166104387827,1
0.57256238230085,0
0.6876348764269928,1
0.551027527327874,0
0.6836582825176902,1
0.5680749699074161,1
0.6036212058247477,0
0.5997903776614433,0
0.643324569890549,1
0.6651559089509638,0
0.6088316927604976,1
0.615060329010434,1
0.6217408744056595,1
0.5153844168050667,0
0.6151561058238202,1
0.6687328592928478,1
0.6017387327040643,0
0.5996418099403621,1
0.6656273890383784,0
0.5011113031625889,0
0.6195932954102098,1
0.6700563708403537,1
0.43405691835221727,0
0.36973961350731027,0
0.6542015040890672,1
0.5990399994446459,1
0.6596453122620423,0
0.3608530693754872,0
0.5231943065975072,1
0.649956191483041,1
0.5975305791687127,0
0.6235992934690716,1
0.5762455660971865,1
0.5953195920842975,0
0.6196447183634777,1
0.5498450173680238,0
0.7406429996007088,1
0.261877106718046,0
0.5613525822726375,0
0.6267079884661455,1
0.7066353137347012,0
0.5826899775356501,1
0.5141040421837215,0
0.5430221583195621,0
0.7012149530079922,1
0.677296157264778,1
0.5746225731902006,0
0.6807910076152013,1
0.6842945624090871,1
0.5551831708274958,1
0.6229037876670734,1
0.5241463881786707,0
0.581070175824597,0
0.6554986189547681,1
0.7248711707114333,1
0.6157478548191738,1
0.600605924142363,1
0.6381735305528207,1
0.6871036893494037,1
0.7368932869734354,1
0.6390755633467428,0
0.5612718686765263,1
0.650272388272371,0
0.5394045587372431,0
0.5899474363082362,1
0.3752189470510223,0
0.681395928237158,1
0.7539346687556436,1
0.7287052088511538,1
0.7039683578997672,1
0.6645807143624741,1
0.7670680723041879,1
0.5518674383014148,0
0.5491670496670629,1
0.6026212148537877,1
0.5903662512869612,1
0.5788818366313652,0
0.5935494593218507,1
0.6003659261014644,1
0.5193433530873858,0
0.6170189073526116,0
0.5760944306948206,0
0.6233155779643533,1
0.5909454900039721,0
0.6427682606134277,1
0.652718002611497,1
0.5718725532788996,0
0.5767358956180655,1
0.5263967982052035,0
0.6320759136759393,1
0.6624210006861388,1
0.5064063470545446,1
0.5676694658268772,0
0.5843062805409504,0
0.6746080209470664,1
0.7725143899566784,1
0.6172479171037908,1
0.5528850433178956,1
0.6200781859806984,0
0.5668092605584137,1
0.6048697488252488,0
0.749627771485139,1
0.5586660994934071,0
0.7380009316127456,1
0.66085509100253,0
0.4661213753446684,0
0.691804033856034,0
0.6662740757435109,0
0.6278602221465066,1
0.6630785615484143,1
0.5696187068515788,1
0.5637644346584063,1
0.6577811610424698,1
0.43474153962356116,0
0.5506022928894457,1
0.5911982848437826,1
0.8305526311731568,1
0.6221944337744828,0
0.7752157101006971,1
0.6925526136502254,0
0.528164305435595,0
0.4708669765921022,1
0.5676665240174653,1
0.6480479335857425,0
0.7749722783484014,0
0.5179985320825616,1
0.5633040427621134,1
0.5430745165351001,1
0.6603096600826587,0
0.6376939695438977,0
0.3897220908235079,1
0.6320147332702193,1
0.6553402869372148,1
0.5462441565664007,0
0.6100690346743143,1
0.5796042100776057,0
0.6043386684558346,1
0.7430309459516165,1
0.5049891056767157,0
0.43368612747046126,0
0.48665434307390376,0
0.467409452862362,0
0.6726409807496518,1
0.5979054788943915,1
0.6220092366209116,1
0.6029228030763166,1
0.7475758940107399,1
0.6041364245457437,1
0.6489256132359382,1
0.5646163435049946,1
0.6947872814803456,0
0.5504099883733512,0
0.6752246560013632,1
0.6394283900983347,1
0.283955115172574,1
0.7464733148229222,1
0.6099018195613393,1
0.5821450623748565,0
0.598328188551322,0
0.4286664104059123,1
0.7301210309685859,1
0.6049517131801979,0
0.6424779445641222,0
0.5990934680777426,1
0.6161988964347814,0
0.6697532205073922,0
0.5074833839600874,0
0.6132567709711625,1
0.5631781418743874,0
0.6216472679391742,0
0.6487602527137872,1
0.6820560034395428,1
0.47470071156395943,0
0.3938536135647785,0
0.5784336742278099,1
0.6746215287758186,1
0.7223533866053491,1
0.5967485795655871,1
0.6871284054420171,1
0.5016797109594856,1
0.6317789867091056,1
0.6418702301520509,1
0.6277141339853138,1
0.6701693697316501,0
0.25925530836110416,0
0.6492244113388721,0
0.5773607539416157,1
0.4975246825985758,0
0.6307466070692338,1
0.6362599596877431,0
0.6419632522049967,0
0.6144060674542815,0
0.5885980019472474,1
0.5317478910997987,1
0.601038927078496,1
0.5605458875402328,1
0.6928985112650606,1
0.4713998514047096,0
0.7525649065124687,1
0.6550076324892654,0
0.6526650235606837,0
0.7910183942358836,1
0.7046410089695921,1
0.6599083773510952,1
0.512114208972859,1
0.6832393002180291,1
0.6352796198443941,1
0.5603167997254969,0
0.6756470811805761,1
0.6000520776086927,0
0.6167889630181284,1
0.6489984247126395,0
0.7647664172643374,1
0.6527752001674961,0
0.5624669303674921,0
0.4919083083388866,0
0.6781395019819842,0
0.5778341995645142,1
0.509834605220873,1
0.6024617327065841,1
0.5917709886034905,1
0.5968898932290586,0
0.42869547265282726,0
0.636423070216203,0
0.5995789811581325,1
0.5652610312972889,1
0.27994090914487724,0
0.6223311659649909,1
0.7833792799779944,1
0.5653838344081311,0
0.6305155582921317,0
0.778438777578384,1
0.7036438355740522,1
0.650671772682598,1
0.5918424817663804,1
0.6511470050732073,1
0.6173078499421512,1
0.5076829210700152,1
0.4534410255490092,0
0.6962413968208726,0
0.5960845109250832,1
0.5808289786952978,1
0.5299128431181538,1
0.5062217191475155,0
0.4771948033115544,0
0.5681016952810676,1
0.5488500505684001,1
0.5932541053581338,1
0.43021035496610693,0
0.5306217436226873,0
0.6182857646321516,0
0.4671269365899098,1
0.6210569614385683,1
0.4927889373576407,0
0.3556985478693,0
0.6111950545497272,1
0.5577655756592634,0
0.5609137148395986,0
0.5513380999940408,1
0.6515935658603693,1
0.5871606029839674,1
0.45928799861530983,1
0.6787250501008919,1
0.6210907259064424,1
0.44758943080529245,0
0.6307932213506249,1
0.5304028236255482,1
0.5184151245892085,0
0.7618416016858818,0
0.425360478043558,0
0.6667049708342166,0
0.5800247694898026,1
0.6446585200142904,0
0.6044422181645127,1
0.3716334689729911,0
0.5978136056361135,1
0.5997183036633154,0
0.6331081254606094,0
0.5258861210352538,1
0.5792535861321749,1
0.3490544572264406,0
0.6738264508031763,1
0.5197054760033575,0
0.5896384562314542,1
0.6180176374940038,1
0.67668886902812,1
0.6763482588031831,0
0.6012552581862594,1
0.3455231112226229,0
0.5328629858978408,1
0.5837650704740373,0
0.6421653596587776,1
0.6496412176840519,0
0.6093191731815961,1
0.5206417299685018,1
0.6400827981235842,1
0.6420707472231263,1
0.5935109269951865,1
0.6410196990737055,1
0.5948293659802552,1
0.6474289909915062,1
0.622632469731725,0
0.7691899214309428,1
0.5283600052087273,1
0.49246709553758944,0
0.6188747952482342,1
0.6313145008406333,1
0.6498229791500671,0
0.5923037640233603,0
0.6435270273370469,0
0.5466309187003924,1
0.6352298824985534,1
0.5676696968457926,1
0.587373561086897,1
0.6086743398292778,1
0.6994140741356807,0
0.4582633458695824,0
0.6070314133573683,1
0.4769954631658478,0
0.546645731836614,1
0.6158898662748568,1
0.5869947380615318,0
0.8416300847978703,1
0.6257508373122065,0
0.4384608457043911,0
0.2888937731573982,0
0.7435132529531984,1
0.6328254695858292,1
0.5321786599962651,1
0.7730583582411144,1
0.5635321720232496,0
0.6067195118121643,1
0.7614341918801232,1
0.5939518961021013,1
0.6270251115576266,1
0.7004193297494072,1
0.6219568429058112,0
0.641620864590235,1
0.5926971197959006,1
0.54562858891113,1
0.5050367418936597,1
0.6271937439280589,1
0.547618858800435,1
0.5562629120628381,1
0.607135294791015,1
0.7332756558869921,1
0.625146297370586,1
0.5635689018402658,1
0.6493950824559549,1
0.5503600069189599,0
0.6095498742323526,1
0.7283410126283889,1
0.6343727025354339,0
0.6420018830939317,1
0.6056846877754354,1
0.6608322658516459,1
0.737639865352922,1
0.6336597177625449,0
0.6170254522617941,0
0.610476843442539,1
0.5669826540930233,0
0.734518293063314,1
0.5870098076012491,1
0.6100432366321807,0
0.5542520261642433,1
0.5968268589944158,0
0.5190304615057528,0
0.6020320766135161,1
0.5945411169630196,1
0.6258879448046265,1
0.37887582447521895,0
0.5866362973616192,0
0.6217895682172321,0
0.6557571516080104,1
0.6086366360816233,0
0.47781381996132816,0
0.503534536730988,0
0.6034801110972177,1
0.6615438109724084,1
0.5688182487744532,1
0.7462517094973083,1
0.6477059509257642,1
0.6664602567210763,1
0.7459790775471817,1
0.5919370891779158,1
0.32935776182556664,1
0.567054680314428,0
0.6397904924677512,0
0.6148038055339998,0
0.6050817948265165,1
0.6693679456976017,1
0.7018425963154712,0
0.6994777837910175,1
0.5558358115223085,0
0.6262472683200243,1
0.6820088773857443,1
0.6247345201604597,1
0.6038084408473554,1
0.6221127214757395,0
0.6053142656791909,0
0.47276877811103657,1
0.6289826678923258,1
0.5407476243406492,1
0.5879637471307118,1
0.5700475909992961,1
0.6149911891270637,1
0.44009953462680806,0
0.5948626097798446,1
0.6585195875133031,1
0.47115106387772937,0
0.39505729733445677,1
0.5951247443836785,0
0.8076371467148582,1
0.8116243392296194,1
0.6066561032321902,1
0.5645361899658234,1
0.5772662016914073,1
0.3872912105361061,1
0.7396434461682515,1
0.6167428594992117,1
0.6632485504052172,0
0.63953266308702,1
0.6716797298382557,1
0.5805481312117534,0
0.5548584191649975,0
0.584345608850648,0
0.6445001774032282,0
0.633833658609757,1
0.6053892674790934,1
0.7082353065508593,0
0.5969629634813209,0
0.6976996167895452,0
0.5886644410380403,0
0.636177998569375,1
0.7074842757418079,1
0.6464734783186254,1
0.5928029564409922,1
0.581576727020611,0
0.6495025547370639,1
0.4856539400436437,1
0.5528452632122306,1
0.5981774599112363,1
0.7972060117636095,0
0.715447983667481,1
0.46595354103225195,0
0.6414108538037001,1
0.6077922244470448,1
0.716432170648224,0
0.677674763185114,1
0.6735030897141724,1
0.5705216983238752,0
0.5521478868241743,1
0.5363412635143748,0
0.6020811404325772,1
0.44286134137411065,0
0.443017493204534,0
0.6195764972236449,1
0.6057955626907894,1
0.8498379368534792,1
0.6290035411942613,1
0.6244923325343814,1
0.4803627694541796,1
0.6025889226548647,1
0.7272272504980725,1
0.6723648152969621,1
0.41720723922379244,0
0.5360081374013473,1
0.6700433315663661,1
0.37135051388996637,0
0.6587048188040647,1
0.6012301157462929,0
0.5946901310856609,1
0.7128504653360809,1
0.5498206026617993,1
0.49068332696889216,0
0.5772486678433802,1
0.6721656831574683,0
0.6030596880935044,1
0.5766511796089009,1
0.4837848451697233,0
0.3540777786462737,0
0.6536591288252696,1
0.49763149314702965,0
0.618295666666351,1
0.5857659738376125,1
0.6919654959127575,1
0.7950518431226742,1
0.6026780865145076,1
0.8520027114029225,1
0.5977360009438506,1
0.568120273729566,0
0.4456882452257434,0
0.4825926503192046,0
0.5905337245946962,0
0.7016316561226463,1
0.5151755833234444,0
0.7131819962116721,1
0.6253957707749438,1
0.6122376761006565,1
0.5636872479530889,0
0.6552331745649845,1
0.6378075254546005,1
0.6048853116965995,0
0.7107502853386611,0
0.5936742897343398,1
0.6391686077629948,1
0.7347786352831037,1
0.7167014605943176,0
0.6260736111297669,1
0.45123616922750365,0
0.5999362472632819,1
0.6082347087082919,1
0.7238153376032769,1
0.506345703217341,0
0.5957539392794657,1
0.4778591326140121,0
0.570192429506051,0
0.5841213055985074,1
0.6257635605716364,1
0.5748352533304812,0
0.6336456535995795,0
0.45910730549894396,1
0.4349175216989549,1
0.5708215395009959,0
0.5842120480595514,1
0.6216997610469525,0
0.6265414627872677,1
0.49061305564310836,0
0.5779766380424853,1
0.6760283608967276,1
0.4399560931700646,0
0.5776203897336019,1
0.45539875908599836,0
0.7184393306551952,1
0.5877047108099305,1
0.5854426311368764,1
0.6081729589275812,0
0.6096807609434279,1
0.6202178997687797,1
0.4848852097587753,0
0.5465894356772859,1
0.35296231352351953,1
0.6747511721100452,0
0.5668778758498515,0
0.3940815104322369,0
0.47442810186557705,0
0.6109360175844475,0
0.6003940619519739,0
0.6432855420498279,1
0.6176235805517605,1
0.588916427938172,0
0.5705668094344897,1
0.6393351521331964,0
0.6048045280749685,1
0.6855941848031257,1
0.6394736264617793,1
0.5979446026217919,0
0.5418789120544132,0
0.7348092090857451,1
0.6451657022772799,1
0.6299045825753038,1
0.6492264499301079,1
0.7124774542414855,1
0.47608621239979954,1
0.3726899291962668,0
0.4116012236264612,0
0.570914803609167,0
0.661691916369476,0
0.3267007891972992,0
0.6473227482205468,1
0.6088359509813415,0
0.5340136475347498,0
0.5063683305263393,1
0.5945018142664924,1
0.6659393778663688,0
0.5790096824291308,1
0.6364667422141465,1
0.6280875713510367,0
0.7241152541328516,1
0.532775291807367,1
0.6597388145222659,1
0.5894543137612059,0
0.7583730060203464,1
0.5521200302902122,1
0.6473593874531163,0
0.6784705632836158,0
0.5765375578027876,0
0.46510327484427216,0
0.5634909314894189,0
0.5741803544713557,0
0.46215043126470395,1
0.49952441653765495,0
0.480695532262616,0
0.6026060875585809,1
0.706643673320783,1
0.36499360488601584,0
0.4931907365627142,0
0.4833784052474695,1
0.5926197766283854,0
0.5667567365088407,0
0.6461155131067844,1
0.602139941142273,1
0.5881893136981743,0
0.6508891624205341,1
0.6185783151982434,1
0.28608803057465926,0
0.6482914463054456,1
0.6208794104514682,0
0.49352887507415194,0
0.6396386522258216,1
0.5544183574764049,0
0.7424358937756732,1
0.6080453039623696,1
0.6036575888897495,1
0.433432654972726,0
0.596766629248117,0
0.5911390643848446,1
0.5493800352901181,0
0.6918912850904495,1
0.6713305043295335,1
0.7165423118357164,1
0.6348262918155011,1
0.6702562387268268,1
0.6629729124835901,1
0.42709249226982904,0
0.655817875856246,0
0.5828414796526995,0
0.6166555387083769,1
0.5205527458991807,1
0.6511659230790465,1
0.5103958141314707,0
0.5708679197913223,1
0.5901096814735529,0
0.4715335649381959,0
0.6338019141220618,1
0.6610687135462991,1
0.6496731084951578,1
0.5813530913278538,0
0.6740560331761513,1
0.5940498395121155,1
0.5747050927792515,1
0.6135954804128118,1
0.6396285095022427,0
0.693084558594587,1
0.5516655047095973,1
0.5300762350532333,1
0.7235281823194899,1
0.6985718269905737,1
0.4745669763806468,0
0.6036083995926618,0
0.7109389998538062,1
0.5978703177997271,0
0.6699522235324098,1
0.4195503875542997,1
0.2704744882441012,0
0.5966771882624975,0
0.5401744308719363,0
0.6833162260376652,1
0.6091081729793667,0
0.6107697091471584,1
0.595766819015111,0
0.5744411101635174,1
0.7321562509964517,0
0.5929986714660038,1
0.6476290888104685,1
0.588274617901122,0
0.5746599690420533,1
0.5589450543133319,1
0.4777320409521203,0
0.6508084029732099,1
0.45978155103641183,0
0.5299042184572028,0
0.5093331384999082,1
0.5828938818754568,1
0.5942286972947289,1
0.399148959322205,1
0.5635205664632024,1
0.41598151312798753,0
0.6072915021214227,1
0.6320992292416698,1
0.589076844727543,0
0.5446333522177865,1
0.7060730331764061,1
0.6046031775888835,1
0.6728662676602661,1
0.5729864242341668,1
0.49575278938463974,1
0.6314496377857348,1
0.7066063305671837,0
0.6037809859779923,0
0.641676823197076,1
0.6281799923896579,1
0.48281502560756234,0
0.6018528790226647,0
0.6486704458039311,0
0.7812692944816179,1
0.4465101686211753,0
0.5843944341470335,1
0.5750904943360218,1
0.6039868493628991,0
0.6033319470372253,0
0.606033072301996,0
0.5880393859507232,1
0.6149275026650576,0
0.5589162327907724,1
0.6582420261286304,0
0.24627939717604885,0
0.47543296757756875,0
0.659969191468958,1
0.48591013231543745,1
0.5270166757088331,0
0.6047868289895687,0
0.6460213363387481,1
0.5558989308621617,0
0.6286554839275723,1
0.635459848572542,1
0.5597861713945977,1
0.6413615463906726,0
0.5617689915370495,0
0.5757592337403695,1
0.43842237947111684,0
0.513892462699878,1
0.5890816487848092,1
0.5582156247062211,0
0.6521891977324011,0
0.6857881854580484,1
0.48255642998302734,0
0.539590802894358,0
0.5391422428200687,1
0.5828378166931915,1
0.6563388594133056,1
0.6629021699411178,1
0.6218774472245069,1
0.8134647310168605,1
0.5690481314817754,0
0.6385306486167948,0
0.7186936094992251,1
0.5048403869111491,1
0.651005883511235,0
0.5669896416237885,1
0.5647984248389625,0
0.6462372849074394,0
0.5927766308324111,1
0.5676382444350047,0
0.532076825556059,0
0.548133198965523,1
0.507376654564869,1
0.5035079498500921,1
0.5023787859222134,1
0.5833322909483288,0
0.5750161901192142,0
0.73605342589566,1
0.6026348079136635,0
0.6916664304343364,1
0.5963445459961912,1
0.4857143442549297,1
0.6073693227834175,1
0.6080757507255952,0
0.5997556550656928,1
0.6035606733870901,0
0.570607774991046,1
0.6239818967729609,0
0.5785436810251147,1
0.63770479336634,1
0.719776180881586,1
0.6094976373333841,0
0.5606452423209284,0
0.6802536784980778,1
0.6652344929568226,1
0.6767239702096672,1
0.5522662738011934,1
0.6354030334690539,0
0.6314256627418379,1
0.5661251588369954,0
0.4599984805726372,0
0.7966107569111065,1
0.5948948161671422,0
0.6249621667423712,0
0.4611028856007728,0
0.6093403508836385,1
0.5512928445952924,1
0.7528936772448576,1
0.6171680619267517,1
0.5680827275206723,1
0.6527201501658824,1
0.5844760821749989,1
0.5981329731234353,1
0.5555755230011113,0
0.5213433070007231,0
0.6446322823958859,1
0.6549762728064978,1
0.6660279018078518,1
0.5718163641039707,0
0.6385520340143692,1
0.5387007292617866,1
0.5836228930664443,0
0.5414910451998872,1
0.6285641051752449,1
0.5764053630780155,1
0.5563142750573963,1
0.5204624131280499,0
0.6403305719227701,0
0.7542404693552146,1
0.5884696924904702,1
0.5781063870355025,1
0.7072600471706122,1
0.7440766313939309,1
0.5417958778436506,1
0.6238039486161715,0
0.5623007360040122,1
0.6613287162782346,1
0.5445632419400155,0
0.7446864378753777,1
0.6050270457496961,1
0.6225856022502476,1
0.5463474075166513,0
0.6268309377338678,0
0.6262766616545351,1
0.7617707266451833,1
0.5254500948369187,1
0.7047001185224058,1
0.6299118348020084,0
0.49200315294318403,0
0.5903543405840148,1
0.6710826109037922,0
0.6893169687370855,1
0.4294883336174694,0
0.8921604980218412,1
0.6164092717030623,1
0.6053191470327813,1
0.6010763019783788,1
0.626109588963831,1
0.5799199965730726,1
0.5640969546162089,0
0.5182148626415287,1
0.6069593721085975,1
0.6444894080784256,0
0.6802429173589929,0
0.49768213299731656,0
0.5654702812948492,0
0.4471882540661471,0
0.5915336024403244,1
0.6730630557273121,1
0.5532001104880975,0
0.6325286494297361,1
0.5924846182220284,0
0.6775690227302739,1
0.5624474282078432,1
0.6473942119707673,1
0.45835541899337384,1
0.5097704720877483,0
0.6859017758793129,1
0.6241593733998997,1
0.800738502363659,0
0.7339621760711346,0
0.45609562575643536,0
0.5258580696394141,0
0.6240753104161385,1
0.6295127590394196,0
0.6128434939018244,0
0.6530644797767519,0
0.5012640979252759,1
0.5424093936995686,0
0.4373100123170982,0
0.63717573831314,1
0.4138211034563017,0
0.41677127430095495,0
0.6894161940704538,1
0.6047617824283678,1
0.7007234988702737,1
0.5266642931824248,1
0.5715810651221083,1
0.45318102039837127,1
0.6067046447816892,1
0.615306923307501,0
0.489346266983675,0
0.6270159871381316,1
0.7352914654904704,1
0.5334292185719336,1
0.6890924138551127,0
0.6534058277335003,0
0.5757357909401365,1
0.617447991082147,0
0.538576418567123,1
0.5490216501730807,1
0.5892045168841019,0
0.578490241315859,0
0.48905906413760725,0
0.5528725747432857,0
0.3792277803759203,0
0.6013890233542466,0
0.6094706433602367,0
0.5942512734170814,0
0.5585964165488954,0
0.5721205385192094,1
0.6883687994669873,0
0.682370651854107,1
0.7721301870945779,1
0.6662262129316691,1
0.2716019237976206,0
0.45577083794708934,0
0.650342375533027,1
0.594802536124836,1
0.5844046369150959,1
0.6155009044767487,1
0.7862788539380807,0
0.5805215860994261,1
0.5672180472315567,1
0.5222094018324989,1
0.6275997108133143,0
0.6684358169100788,1
0.5837323843830505,0
0.7211296610998227,1
0.7695694907767461,1
0.6469867916719602,1
0.6257252880061939,0
0.6667589235797851,0
0.5707555370827858,1
0.595277999585558,0
0.5977595653775237,0
0.682586356474333,1
0.518214124163361,0
0.5176147985873686,1
0.6679799469612149,0
0.46781629478954384,1
0.5082422491648815,0
0.40856511462284273,0
0.727624141728234,0
0.5974721393909846,1
0.6446732986074107,1
0.6240740561400763,1
0.6809914210764435,1
0.458491013046681,0
0.5004980651157481,1
0.6350099779361499,1
0.6477378032520261,1
0.7576196452925605,1
0.554254913041818,1
0.5536280391128381,0
0.7519505619429798,0
0.6534258070496423,1
0.7020737780239198,1
0.4852696093995958,0
0.6629859184527596,0
0.5370960644818018,1
0.6074084999293703,0
0.5301931412698324,1
0.7315882335656323,1
0.39514131213431924,0
0.4222811073604038,0
0.5376271569728591,0
0.5862150850671614,1
0.617173605729568,1
0.6981350407552992,1
0.540791339939621,1
0.6386931725622716,0
0.6688014460092362,1
0.6111901301183016,1
0.5068832283998462,1
0.6138102840757196,0
0.6204237506477343,0
0.6071405605981748,1
0.6959486873900956,0
0.6408135955569205,0
0.5683464064941963,0
0.5531733294821779,1
0.5907872489041734,1
0.6208890296257901,1
0.624349080675862,0
0.5456407942262814,1
0.6110216246755419,0
0.5451719294628007,1
0.6642040999617445,1
0.5605120590745198,0
0.6265930786404337,1
0.48306894239014436,1
0.5623961533793457,0
0.6218880511045937,1
0.5608853926292761,1
0.5434275512923795,1
0.5423081276942612,0
0.30272837986041534,0
0.6012919314281795,0
0.5648313399289207,1
0.5201391994351778,0
0.5680794431985313,0
0.6827790937625399,1
0.5879141909103917,0
0.6254905326433263,0
0.6908276650592355,1
0.6758334231103948,1
0.6651736772376774,1
0.6399544790645388,1
0.5800329105681746,1
0.6246528915845873,0
0.5647430602125335,0
0.6063748150895686,0
0.5451097446380767,1
0.6704915843223368,1
0.6704994962762698,1
0.6677964474144858,0
0.3823033903732319,0
0.5950387984864808,1
0.6088662010357624,1
0.44954975409462183,0
0.6105689448489672,0
0.5271906097806681,1
0.5477777179525765,1
0.6380284131292381,1
0.6269554440911054,1
0.6259762238926639,1
0.6064828407646998,0
0.6306682447345502,0
0.5849028951000528,0
0.7029164838482774,1
0.6126123707843145,1
0.6135099453005038,0
0.5909868091022972,1
0.66097604283853,1
0.6290640622695073,1
0.5497027870677854,1
0.61770272967474,1
0.22403194776564317,0
0.5389242093065696,1
0.3964070628223649,1
0.5940522121963224,1
0.575958482415394,1
0.5986273128896143,1
0.8206392993252628,1
0.7173035117445953,1
0.4933482844524151,0
0.6206747484431913,1
0.6247489199479443,1
0.6396333307861061,1
0.5474731023498488,0
0.5894319174997631,1
0.6148904065769534,0
0.616099609986547,1
0.6588785515579568,1
0.7844068208876701,1
0.6223696468900262,1
0.7218151547417914,1
0.5171177489585793,1
0.7249697952054149,0
0.6172534440090416,1
0.6079942698081784,1
0.6318449730338666,0
0.7346443358720337,1
0.605782030484562,1
0.5912563673173326,0
0.456737174460244,0
0.6112424329312072,1
0.5645360598199031,1
0.6226777488920385,1
0.6051284618987013,0
0.6438313016873205,1
0.6272196699330862,1
0.6049692172247847,0
0.3683032988032947,0
0.48459769590063834,0
0.650619006727473,1
0.7243413117004909,1
0.7166209331353448,1
0.4792930200745153,1
0.4809062891575695,1
0.6419759926500292,0
0.6331885258437654,0
0.5698426346858642,1
0.7102408870118332,0
0.6173475627199518,1
0.5734117047776786,1
0.45415171405238003,0
0.6856821676941007,1
0.6373435849437238,1
0.5847624312179429,1
0.6888049828802671,1
0.509430131501132,0
0.29713779483329184,1
0.7007215373533465,1
0.41967827445472916,0
0.5703829514029624,1
0.6120756819230269,1
0.49990207707852813,0
0.6436007385827412,1
0.5769544568392122,1
0.5376719464808032,1
0.7720240655679923,1
0.7804013227326102,0
0.5489997501219056,0
0.6081155614069281,0
0.5943005709609993,0
0.5652330150678426,1
0.6647238862033149,0
0.5539578759985695,1
0.4982252988913903,0
0.6014866388674686,1
0.5801692514149555,0
0.5133264731734011,1
0.5801623499506794,1
0.6847232103401871,0
0.6013380991605625,1
0.5984151137264357,1
0.4833652425924144,1
0.601405182878981,0
0.6217074654913252,0
0.6090320354532316,1
0.48588552933049034,0
0.7260291865111057,1
0.623535039231637,1
0.5470360087390707,1
0.5905518465368402,1
0.6368668236651718,1
0.64440014150197,0
0.5351555428586184,0
0.6699447082023815,1
0.5909515458832393,1
0.5416717082702357,1
0.5404511918371879,1
0.6623563887768843,1
0.6226800356959017,1
0.5952562913797269,1
0.6149556255465045,1
0.6547162211369972,0
0.4970437339597732,0
0.5370917575533795,0
0.6342449298399443,1
0.36394380799535897,0
0.4897366713912258,0
0.5719498983592531,1
0.6431278393446671,1
0.6519625157939956,1
0.6959128197414411,1
0.5962972158162181,1
0.4815036929498416,0
0.6157267864238964,1
0.710831962523678,1
0.4902882452339921,0
0.6706449006769352,1
0.5306269518795408,1
0.5647655788902752,0
0.44975262232288094,0
0.5183617206338769,0
0.7216226370170161,0
0.4874408683786758,1
0.6608309518932087,1
0.45500741529142996,0
0.6879446421936843,1
0.44928943812210476,0
0.5041124120661107,0
0.5867898157103969,1
0.6228449044221701,1
0.5611336198098718,0
0.5560491283007994,1
0.6972185537493046,1
0.7654573451307081,1
0.5624870534665628,0
0.37548180663426967,0
0.600966326461427,1
0.5982866622168781,1
0.5548608027089257,1
0.28422057478698187,0
0.75470038681991,1
0.5368443698798538,1
0.41601374147415277,0
0.5867559012835705,0
0.613139803802084,0
0.4814245334204204,0
0.5186940263278084,1
0.6168690684406427,0
0.6951131744192517,0
0.6677670028217214,0
0.6619680278062205,1
0.6074725529054626,1
0.5975628366847286,0
0.5438359417376196,1
0.6302830705868439,0
0.7021222769940775,1
0.7078295460909102,1
0.6364583572997866,1
0.6355562256420932,0
0.7467055702511513,0
0.7266630350350594,1
0.6339900824523312,1
0.6484208284980293,0
0.5789461465687714,1
0.5641043811761126,1
0.41317533855113764,0
0.5893013797412273,0
0.5307964580724568,1
0.6307107488542557,0
0.41657597682080666,0
0.4657048686023622,0
0.37047993491656006,1
0.6089003911022834,0
0.5419381339952303,1
0.6794222533247926,1
0.6517416667718171,1
0.4889245118453425,0
0.5626427193402821,0
0.569158101798356,0
0.6129531344218873,1
0.6815603098822323,1
0.6399686364166695,1
0.6605422271032632,1
0.5738422722552194,0
0.5859938154610805,1
0.6202865549907002,0
0.5291399092666333,1
0.4961341426423159,0
0.5934032274627199,0
0.4107362596399419,0
0.581402245268601,1
0.6854045484414597,0
0.581686044915565,1
0.6847089231052406,0
0.6592690240624545,0
0.6403061861612318,0
0.563258994317756,1
0.5196990669054872,0
0.5989723310448724,1
0.5755238240373746,1
0.5897910603104429,1
0.6218348612377438,0
0.6045727735408497,0
0.6125647939347788,0
0.5968300642098955,0
0.6088296942640115,0
0.5061829351829086,1
0.619933305309151,1
0.5549505301656954,1
0.6768562984974749,1
0.7018272046612563,1
0.5915504387947302,0
0.6084146759004594,0
0.5639145990974759,1
0.610973699421502,1
0.6404308216139303,0
0.6156553429435921,0
0.5729965802754858,1
0.6937250865020256,1
0.639168009844518,1
0.6246895980779246,1
0.6588820302809089,1
0.627229522895506,1
0.6273880647252799,1
0.7284542317786891,1
0.53575690988577,1
0.654222114408529,1
0.5358272406058902,0
0.4341900701880856,0
0.31296433765529846,0
0.652443336985854,0
0.5630892962920434,1
0.7189608935189817,1
0.6363320340268038,0
0.6424355583877207,0
0.5945565604855527,1
0.6602941639979517,0
0.6260703518369394,1
0.658232012369385,1
0.46409352469071663,1
0.6637911873345947,1
0.5582160928411467,1
0.432466542326138,0
0.5612174197317724,0
0.6643656629388275,1
0.4821044792713301,0
0.5935750417042905,1
0.7486862838603132,1
0.5486703158701611,0
0.6422198889082656,1
0.6186833950810862,0
0.6942447202182774,1
0.6113505903499251,0
0.6827827777488378,1
0.5962360459095567,0
0.6816620873235103,1
0.4229347034723024,0
0.6564361942038859,1
0.6435803266506555,1
0.6674990088949437,1
0.6049313069130802,1
0.6007594445562814,1
0.625631142435189,1
0.611490695706526,1
0.5575271316075372,1
0.48635603529941074,0
0.2985298932541243,0
0.5888154930766399,0
0.3123569402597055,0
0.5563006898206739,1
0.5776675481979249,1
0.6223523860657051,0
0.5748968423870708,1
0.5667353927944088,0
0.6152185138084417,0
0.46409079844999473,0
0.6729290096388553,1
0.6627020618950227,1
0.6627199542438519,1
0.7045226745369698,0
0.660972261416547,1
0.585118623399931,1
0.47386616664426134,1
0.4750211541116887,1
0.5786512811107365,1
0.6688718083738072,0
0.568039621201026,1
0.5911593779873976,1
0.4959238319957761,0
0.5479074969666905,1
0.5529635962662712,1
0.6468062391184404,0
0.5897318044226659,0
0.573819925723679,1
0.6437876833564405,1
0.6643869821357457,1
0.647074723019145,1
0.56592786130358,1
0.5639124072731881,0
0.5676246899976477,1
0.5931902875281468,1
0.6133004720702325,1
0.3854455261006444,0
0.5439223390167259,1
0.6254473194317451,1
0.5676465353047427,1
0.6511345068228109,1
0.5414073966554761,0
0.6299623505484331,0
0.4457555505115742,0
0.6100503224988487,1
0.2940623538693079,0
0.555705124509682,1
0.649172619846016,0
0.5702875929289913,1
0.6098652376658411,0
0.6385345801588084,1
0.5759118077143675,0
0.6722065578288688,1
0.6741584519683341,1
0.539474816635775,1
0.5100997562549902,0
0.6411548800674987,1
0.6195502140606097,1
0.5973676744927263,1
0.5049046460938033,0
0.6361140789609725,1
0.6074946970282168,0
0.5208624083210558,1
0.5508082802691441,1
0.5733266319479708,0
0.6183452751232268,0
0.5503566260380591,1
0.5808025919955421,0
0.49570784699212067,0
0.5068788049049422,1
0.5650080080013223,0
0.5696381341974882,0
0.6998730256503124,1
0.6109474368323262,1
0.5902869302625862,1
0.597907594437406,1
0.5557388933017763,0
0.6074285146823758,0
0.7618301534550005,1
0.5684623667787029,1
0.4052629561630538,0
0.612407362922507,1
0.6388275776282016,0
0.6145704809364548,0
0.5498205897572741,1
0.4225721066862277,0
0.6213857552261124,1
0.5672693317843299,1
0.6308176927688616,1
0.5276555233505478,0
0.5511093943737149,1
0.5104895716803376,1
0.6644913459478017,1
0.7393663231457854,1
0.7340687621349096,1
0.5286051626775996,1
0.6774336275281537,1
0.6018765406956936,1
0.5667265285224399,0
0.6444936150876711,0
0.5180287595685121,0
0.6819484117989556,1
0.6425001350712903,1
0.6895906030080499,1
0.6161785807583045,0
0.5697181652526514,1
0.7275744365717752,1
0.5800811419621258,0
0.6283872843338003,0
0.290408795934176,0
0.35109431324261153,0
0.5229529968717938,1
0.5851197721700828,0
0.6439007420646278,0
0.7781713310086732,1
0.5718661829727902,0
0.6096975324773065,1
0.5748311950220545,1
0.5790047809991825,1
0.5617795025891542,0
0.5495796053476353,1
0.6776428549607741,1
0.5183224468970533,1
0.6452551605364045,1
0.6527757398114123,1
0.7073645285871104,0
0.6189228990774261,1
0.7403186891419947,1
0.6706734001785155,0
0.6360522377148214,1
0.4714727394066679,0
0.5484372958528354,1
0.7238209715721702,1
0.651953126381864,1
0.5574079781692283,0
0.5988591491171652,1
0.5657705486895594,1
0.7145858863480204,1
0.37665547499662627,0
0.6050701368022408,1
0.5952460350507348,1
0.6231826750176306,0
0.6204486889613614,0
0.48630537988188444,0
0.6585923365016256,1
0.5861601762926945,1
0.6701598482116495,1
0.8470267424522363,0
0.7561586315756725,1
0.6274988869136608,1
0.7285206106158518,1
0.686571462159229,1
0.6419391891517172,1
0.6272947541626713,1
0.6369576664422272,1
0.6087880428839019,0
0.48589805684568155,0
0.5628762259126654,1
0.6307448471933442,1
0.6197299999185645,0
0.3947006880855598,0
0.7063888476250321,1
0.6407985684138688,0
0.6097466062839652,1
0.3576763640210443,1
0.6675619620095737,0
0.5963093089588635,1
0.6686386979209487,1
0.6096006578887228,1
0.5829807328299857,1
0.6677857358654766,1
0.7446047599585569,1
0.5716075919209683,1
0.557378715729063,1
0.49974903481137856,0
0.6014304025879305,1
0.6523510934922304,1
0.7089489197816345,1
0.556167210575264,1
0.5343443667336947,1
0.7143087894916488,0
0.5921563980849782,1
0.5998669857596464,0
0.3827066796564568,0
0.6378842004070553,1
0.6283278883128435,1
0.5933426521190889,0
0.6519916273991113,0
0.6983105187253879,0
0.5418665548176873,1
0.549004631708582,0
0.5299009092874623,1
0.5591694797599497,0
0.5467830447985329,0
0.5052039329716664,1
0.5256812990559367,0
0.6308583139790204,1
0.5880162688251029,0
0.5237859929773838,0
0.5071888557276046,1
0.4065576775850859,0
0.6056681496708841,0
0.5591024197217352,0
0.6669531447924302,0
0.6131206649668816,1
0.5643896030814975,1
0.4718608234056568,0
0.47830326622115216,0
0.5662014220267233,0
0.6004511775939612,1
0.5560044970068112,0
0.6335484955300973,0
0.5706574700814229,0
0.554258794505447,1
0.5118655762356054,1
0.7490695985778093,1
0.6966556256102049,1
0.7152863701793892,1
0.5532387941853886,1
0.602983145650962,1
0.6491294383797285,0
0.4409057305520158,0
0.5896003515952424,0
0.6568542760176541,1
0.597387492172809,0
0.3804599119266265,0
0.5795586842746365,1
0.5904491941662328,0
0.7158399194973102,1
0.600041142247922,1
0.6384219084075025,1
0.6095265073956242,1
0.4373770646340564,1
0.6785323667706854,1
0.482556835413228,0
0.5815185838184369,1
0.6494045612460929,1
0.687571394399049,0
0.4710196388908844,0
0.6474040820756208,1
0.6545595016375702,0
0.6065010503240142,1
0.6426795258418941,1
0.5262772597231808,0
0.8153381861853416,1
0.6017252742599148,0
0.49445599536502466,0
0.5505562055609478,1
0.57289011787464,0
0.5763828701063337,1
0.665156119541349,1
0.6062778819059746,1
0.5202058347097461,1
0.26611110641670516,1
0.5843172611426592,1
0.5964273272540372,0
0.6527124662681361,1
0.6077943532598388,1
0.7547446139643113,0
0.6840563706260431,1
0.6342117376461814,1
0.7368061066227016,1
0.5399194874146889,1
0.6965241634475201,1
0.5451323178701718,1
0.621002693669285,1
0.6303413139887378,1
0.5623505363606847,1
0.6461227587894175,1
0.648881779521775,0
0.43148616787536004,1
0.3973756116680886,0
0.6462642049668914,1
0.4117933663151506,0
0.5459132306677977,1
0.6241670936400356,1
0.5856950983417768,0
0.5293878059361524,0
0.6320517430091257,0
0.6285379767432882,1
0.5667689604897003,1
0.5441349270170557,1
0.8576188662747432,1
0.393278158237982,0
0.640463938728754,1
0.5838155470373941,0
0.586603003117216,1
0.7172675122771259,1
0.5638023996357789,0
0.6747163599659881,1
0.579314085309274,0
0.6754120390694378,1
0.5258069570294656,1
0.6651024555289917,0
0.5978484627021093,0
0.5815555516249304,1
0.4896469329064014,0
0.4458744536603422,0
0.5887451311341437,1
0.6366694951367581,0
0.5633521391570968,1
0.6287935757587878,1
0.6157441622453868,1
0.6776389046342636,1
0.5980695399975764,1
0.5745290392272038,1
0.35947461276746073,0
0.7965936870849312,1
0.6133936304395354,1
0.5953707615243284,0
0.605732419258584,1
0.6523194491063786,1
0.6112574158291069,0
0.6911973250406338,0
0.615462140405109,0
0.5624192061175359,1
0.5978683095327059,0
0.5752181043560778,1
0.5432936762157089,1
0.7679299719042203,1
0.5999482253273151,1
0.41897871562569317,0
0.68726855657042,1
0.6215068009630936,1
0.6463501341920229,1
0.5955120372668946,0
0.5442334027865285,1
0.6160908391997006,0
0.7518991761929537,1
0.6188482036115417,0
0.6214438291264428,1
0.5848301846552147,0
0.7941816187521983,1
0.6292244788635822,1
0.598960209817101,1
0.7194510078966311,1
0.5917343084022939,0
0.5974047212639821,0
0.7512303413563653,1
0.6071670327249169,1
0.5916280029660713,1
0.5655752404695596,1
0.4449386044403831,0
0.5795437980006496,1
0.5875729786178937,1
0.6011310653255669,1
0.5777921190495978,0
0.49772679021505734,0
0.6143046988615808,1
0.49395989025345977,0
0.5093149966900741,0
0.5615518263769248,1
0.5601407350925032,0
0.5340797150772463,0
0.4803922615242003,0
0.5665389956099112,1
0.5744212445161927,1
0.521916015107076,1
0.6785121135517326,1
0.5885436209660037,0
0.6470686686736137,1
0.6002493404883803,0
0.4627202313905983,1
0.5843391542051242,1
0.5763826005185666,0
0.6056608477710047,1
0.5559759214685615,0
0.6744843088291149,1
0.5579839140034506,0
0.6191162314688347,1
0.6523775133872808,0
0.4716711007781375,1
0.5797178940552059,1
0.5753338949270891,1
0.33365967200928787,0
0.5430574160675045,1
0.5056073334269393,0
0.3617910652804584,0
0.7337017263415495,1
0.524859047690857,1
0.6128342784267555,0
0.6528566945951444,1
0.494403779827808,1
0.437685889316987,0
0.6910444128482293,1
0.5786411519085979,0
0.560309048932658,0
0.777306623440353,1
0.6353482285063567,1
0.605728075734156,0
0.6841057525476457,1
0.5654792944549587,0
0.6244397199576555,1
0.5541939248575533,0
0.5846386345946444,0
0.4528342084168018,1
0.4180236497704461,0
0.5212989281376086,0
0.583236901489207,0
0.5823225741578228,0
0.7937577336692371,0
0.6140267017040877,0
0.5876278295706635,1
0.5667032854010304,0
0.6474056872097929,1
0.5805394015271431,1
0.6706175877107737,1
0.5438115916916347,0
0.6109633289724314,0
0.5441633319988923,1
0.28540953860936696,0
0.580615619448989,1
0.6406899704448543,0
0.5428536365359334,0
0.41594049994841065,0
0.6052086148943304,0
0.6025050260244669,1
0.6091248663640235,0
0.5918907402360586,0
0.5428968816068998,1
0.6040300096731884,0
0.5997531670328855,1
0.5564661635558923,0
0.6371208366570923,1
0.6224333540655691,1
0.6770606531351976,1
0.6075123712434524,1
0.6499791058103862,1
0.7690389788522941,1
0.5742912739421375,1
0.8190095416412472,1
0.6198210571098107,0
0.6090680831682287,1
0.6345002564427705,1
0.6308149651958158,1
0.5805270889192815,0
0.5990407692695894,1
0.8155639546461049,1
0.5307852805756521,0
0.6300052232975932,1
0.6673415444844251,0
0.5749553004176919,1
0.5816335890221455,0
0.4166151454760997,0
0.5675203556783612,1
0.5345234908618188,1
0.6175122098093422,1
0.5885265404425737,0
0.6347095919335065,0
0.7294860531755252,1
0.5710990980943522,0
0.7612024992518971,1
0.6028800837739229,0
0.5591343544646988,1
0.5808648777372662,1
0.6083629514775482,0
0.5217768282793716,1
0.5979925970196491,0
0.7043482115433064,0
0.6405639157770784,1
0.6202005947023921,1
0.5935518968642525,1
0.6306840972944552,1
0.6688334717488933,0
0.553526420753521,1
0.616947080604576,0
0.6373771587010958,1
0.5844763866922912,1
0.5960177263953362,0
0.5344351664263587,1
0.5984585368510559,0
0.40135918225445344,0
0.6978330714891817,1
0.594578547622086,1
0.8409866086211725,1
0.6813479368885045,1
0.6924752922893203,0
0.6269895312895261,1
0.5396512175323258,1
0.6613924953335226,1
0.8049752303300467,1
0.7359064470238066,1
0.5176117839417121,1
0.6216602253790924,1
0.6317407472919604,0
0.3880882603940594,0
0.805045230561934,1
0.6995744100322133,1
0.5126888177038407,0
0.5866232956181654,1
0.6150881843088957,1
0.5919286777730602,1
0.5677912273924806,1
0.6388811538050122,1
0.25339318837768016,0
0.5954705708198818,1
0.587876520222322,1
0.578604586167554,0
0.6096335355875221,1
0.6065220811974782,1
0.7003831448460918,0
0.42157736373112625,0
0.5952963380839764,1
0.6267001579487123,1
0.6342727452189997,1
0.6872308443060118,1
0.6174912254465934,1
0.5492032478322458,1
0.6622364783583781,1
0.7030877297488527,1
0.5837739782359814,1
0.8622827107193902,1
0.6473088586359057,1
0.6161862624822092,1
0.5283661933055385,1
0.7143922805563873,1
0.6062906155290786,1
0.6475709672001214,0
0.6131587081252662,0
0.6948387596119425,1
0.7038497523167042,1
0.4629686322116436,0
0.8024503171061794,1
0.7042160687686089,0
0.661937748276451,1
0.6380262116938478,0
0.7245176007080826,1
0.6301094467839464,0
0.5581242921400634,1
0.5608797994274596,0
0.5429976014962733,1
0.6897414173483335,1
0.5815497064951699,1
0.7243811447778162,0
0.5989853088285366,0
0.5248975141116295,0
0.44651556392722985,0
0.7033678966826755,1
0.5791509014917438,0
0.6288940318527358,0
0.5751083999705782,1
0.6220036717959522,1
0.6618497458867816,0
0.6029693377305838,1
0.5223556879907185,1
0.6091609757431025,1
0.626933763408285,1
0.4922539043541241,0
0.7743143182408534,0
0.7055591322444519,0
0.6435287161621102,0
0.5684410275007113,1
0.6641246420075736,1
0.5508918769115441,0
0.5114111589545174,0
0.48433152702477383,0
0.4781791910126392,0
0.7027356641947062,0
0.6191885075370989,0
0.6349738972908047,0
0.8029857934164468,1
0.7215422592660289,1
0.552184715275254,1
0.5198006967843395,0
0.5490763640758919,0
0.5298486197535237,1
0.7170705385527646,1
0.5379946681788916,1
0.669919909828627,1
0.8132202749109477,1
0.6486479003203753,1
0.6426454801180175,1
0.5881957810963713,1
0.5375549213733425,0
0.6065365980990113,1
0.6221326807244558,0
0.364716921672496,0
0.5674622232440415,0
0.6372105535443506,0
0.6484198898890149,1
0.800883916382775,1
0.6298162280169662,1
0.5277436477469319,0
0.5720473055005341,0
0.7974662104065663,1
0.6929831382897577,1
0.5566007772110143,1
0.6623370140614356,1
0.5427503409537443,1
0.7689184124281939,1
0.6048194433053372,1
0.6193008786009542,0
0.7186220575798036,1
0.5961250966094376,1
0.7318212825795133,1
0.6730448563904106,0
0.6840415888187309,1
0.6201584677783549,1
0.4859974739231545,0
0.5824823494784855,0
0.5656528197761899,0
0.7755557344012467,1
0.5978610738616572,1
0.5840173244893463,0
0.7808496876909422,1
0.7041368577165815,1
0.4588620472716645,1
0.706177920044084,1
0.6205149389513853,1
0.7536878319712251,1
0.7622776847206487,1
0.6061938639273659,0
0.6041873976306378,1
0.5355585627944955,0
0.4543883256529273,0
0.6172445575704307,1
0.6160365413171184,1
0.6810458716957726,0
0.6391590948880432,1
0.6073296332290207,1
0.5610340044131031,0
0.6755337196018326,0
0.6000095214585126,1
0.5805786112271311,0
0.636616660097789,1
0.6711804372590046,1
0.5526441013188964,1
0.7069938015346968,1
0.5812143594121563,1
0.6847174513038835,1
0.58088039638357,1
0.5930674219526726,1
0.6329615163749119,1
0.5932086864699462,0
0.6532365583019721,1
0.639145117912346,1
0.677185762020917,1
0.6620908895045002,0
0.6010299757530516,1
0.6570995402160784,1
0.4893971416570198,0
0.6240772413536,0
0.654555459127047,1
0.7017512759238029,0
0.5842142601492132,1
0.7881191330685159,1
0.6162267878045918,0
0.554220124840934,0
0.5466406490176422,1
0.7401036590057274,0
0.5817401053633602,1
0.6460200730190047,0
0.609134316603317,1
0.5757962322294015,1
0.5603553174548183,0
0.6581284769753808,1
0.6273866468556452,0
0.6791053844799629,1
0.6098910264712765,1
0.6379696494325625,1
0.6495381451032333,0
0.6336376532619099,1
0.5586435442359488,0
0.6277348671575548,1
0.71102380778074,1
0.42161172642012523,0
0.5870572886183564,1
0.5275076837106487,0
0.6446359360897725,0
0.644772287756109,1
0.7320127860989123,1
0.498121188705657,0
0.6313254673121175,1
0.5795220360853754,1
0.676461084991522,0
0.6097931665291774,1
0.7149755851705532,1
0.6222374482916452,1
0.6486429098288768,1
0.6043011119478751,1
0.3716198097551095,0
0.6266386327834474,1
0.6117320767979931,1
0.793574676000395,1
0.5913173055445181,0
0.644036904634352,0
0.5595763500159618,1
0.6839969401258247,1
0.6875937834375396,1
0.6177316087282629,1
0.6109943921356233,1
0.5575514506239707,1
0.7386597987823801,1
0.6696045033140514,1
0.5507600639941382,0
0.5361797310923222,0
0.3628672676663,0
0.5082833623447159,0
0.7066517624101334,1
0.6573029000734648,1
0.6514272487973902,1
0.5447410863469365,1
0.5811310306455685,0
0.5894840613059534,1
0.5704698217276303,1
0.6040129638166335,1
0.7276907898598383,1
0.579995940391483,0
0.6376645187652688,1
0.6481513452053005,1
0.6330511934630342,1
0.5552505463232082,1
0.5554670901071407,0
0.59834289281825,0
0.7316048950321373,1
0.534771747287717,1
0.7268079096923457,1
0.5446408863858933,1
0.45889968502499634,1
0.7411320885371672,1
0.566293298876965,1
0.6389983933590108,0
0.6230786394636085,0
0.5427985269552381,1
0.6161768336820393,1
0.7243309620992309,1
0.29521551320504896,0
0.6657693798162374,1
0.5574138572392769,1
0.6280567932137009,1
0.547188064639533,1
0.5540301163525824,1
0.5878227047738046,0
0.6225169753585901,1
0.6153773517718587,1
0.5690783598607683,1
0.573000331366333,1
0.6403310323294791,0
0.5650813742626634,0
0.5232990549278278,0
0.7206788259144924,1
0.5659994736328804,0
0.5425113866309706,0
0.6407508711005432,0
0.5438853809952003,1
0.5246465687618942,0
0.6384881240253566,1
0.581373859122422,0
0.3926642129945963,1
0.6361421182377412,1
0.6195567528569954,1
0.5162248456951712,0
0.602548427985928,1
0.5547171900430236,0
0.6117321439106963,1
0.6275199507195355,0
0.6096032402899149,1
0.17038808074343387,0
0.5888851583984794,0
0.6806040873818863,1
0.5047244470712501,0
0.6374597794742208,1
0.6438247851669097,1
0.7332606102326322,1
0.4473734221055244,0
0.6316039141810974,1
0.6593857196466734,1
0.6543935822929394,1
0.3961889960702397,0
0.7364412130302466,1
0.6858050377056268,0
0.718052939445527,1
0.34394573955464597,1
0.6771119484513561,1
0.5927547715379989,0
0.5984996104074003,1
0.5989639735961071,1
0.5701248932813315,1
0.6099423394300798,0
0.5894484687177699,0
0.6117215919637864,1
0.6329025416497899,0
0.6890607700200919,1
0.5528361490685667,0
0.7275914702821319,1
0.4958758701494899,0
0.6861601862940551,1
0.6098951930294152,1
0.6090603534656758,1
0.4945884177895809,0
0.5967059766912698,0
0.6301907219935213,1
0.5509919369572609,1
0.4015008721410462,0
0.6026325770559412,0
0.6174414417408787,1
0.5593903973669839,0
0.7760628601901672,1
0.6600695268826147,1
0.6726152567845635,1
0.44601210318979456,0
0.616656082260275,0
0.5897293384362032,0
0.6244462711291149,1
0.6656688032804187,0
0.6331529326957712,1
0.5037882635631106,0
0.7075844811262472,1
0.5824171884910867,0
0.467605830090721,0
0.59749568808216,1
0.6087963910804256,1
0.5616361926494031,1
0.6617171078228743,0
0.4987924064479411,0
0.6826971016469435,1
0.5504690010343689,1
0.7956649974858698,1
0.6412319735603739,1
0.32352882517003184,0
0.7226992315558304,1
0.6622070720253129,1
0.5125527390391408,1
0.6323070376020651,1
0.6513469918612199,1
0.5965336380252567,1
0.5838979651726537,0
0.6625019977572865,1
0.23900782353484665,0
0.5920300445313293,0
0.6194162342618664,1
0.6321426045497851,1
0.7662934852872647,1
0.5786992361933772,1
0.7077017771334556,0
0.6944742923718887,1
0.6447146270864794,1
0.5020953027196865,0
0.6912201180287385,1
0.6555273775443703,1
0.5572951654901273,1
0.6201380334168108,1
0.5732432248511315,0
0.6507344471868303,0
0.598658003108103,0
0.4101797195126063,0
0.5565402569208127,1
0.6133162142180126,0
0.6301702396469355,0
0.6527978053168612,0
0.46269599873393313,0
0.5996804410101436,1
0.6011922385714512,1
0.7278146602169696,1
0.5907639894745826,0
0.6535726904371408,1
0.5543713147307814,1
0.5368665057504812,0
0.5620353703022282,0
0.6848718793525401,1
0.7166232009959037,1
0.4409652231799593,0
0.6574547573154683,1
0.7113000300776873,1
0.6313980728843095,1
0.5309814015660327,1
0.7496762097930103,1
0.4175627508884414,0
0.5658077094676366,0
0.5943989415949752,0
0.6780829875966202,1
0.5341989996821874,1
0.5630628201725849,1
0.4836687613998407,0
0.4806587104548907,1
0.4917674574271652,0
0.7279464488904044,1
0.5794996961514111,1
0.6112501594202799,1
0.6629766975595761,1
0.6152667360035738,0
0.6143246358554276,0
0.5821230644702547,0
0.6809494004629556,1
0.6220929674486935,1
0.6451816630366286,1
0.5519489828363883,1
0.4529196045101822,1
0.7002827092124598,1
0.3949481313950067,0
0.5879283507580194,1
0.6602501415870305,1
0.6794396381042971,0
0.6028138797492585,1
0.33704072965023374,0
0.46660881629620776,1
0.5728899420630411,1
0.5771214578380037,1
0.589475673109157,1
0.6640838071416897,1
0.5968117886358859,1
0.6104659638886233,1
0.6078732134431116,0
0.6813129695394977,1
0.5491198182534033,1
0.3531984580653723,0
0.5675172349863679,1
0.6194637758123984,0
0.5854624019047885,1
0.5691673054126827,0
0.6614772304079579,1
0.5946968863266704,1
0.768051564524932,1
0.5829755662582145,1
0.6030621510648604,0
0.5163125673730955,1
0.5929655262040868,0
0.6691121931048118,1
0.5680790800323824,1
0.5310198285042556,0
0.7227046604134307,1
0.5579915162155907,0
0.661483230098563,1
0.6671069795606818,1
0.5892167694767769,1
0.6491925928387302,1
0.6654051577527886,1
0.6386753309686932,0
0.6155543786854524,1
0.7317637088341853,1
0.681152297428914,1
0.5901837595507619,1
0.660289734055316,1
0.4606283816176084,1
0.6011379905407045,1
0.7065706819210363,1
0.6887934358490563,1
0.587108212572063,1
0.44137011346655913,0
0.6538640012278022,1
0.4878596383184104,1
0.6511673633005679,1
0.5401312362559383,1
0.6009740152677937,1
0.434010906135101,1
0.6310259176813271,1
0.5661802372506688,1
0.5534564218042749,0
0.6539069437412091,1
0.5938753925579603,0
0.5452781896490473,0
0.6366883888581802,1
0.5052821300290389,1
0.7761485636294281,1
0.6095763450908841,1
0.5168556042918154,1
0.7081902868715156,1
0.5410223767219893,0
0.5707297425630183,1
0.7018158038108274,1
0.6185099681259814,1
0.6995248519357427,1
0.5879716818070216,0
0.6566337508963964,1
0.7154561955466731,1
0.6618368310147024,0
0.6106845375069907,1
0.5328282336560141,0
0.5909887745080066,1
0.6060067267702973,0
0.5295318795506467,0
0.5877060121058458,0
0.5365209577118264,1
0.6815025162364013,1
0.5712734366320403,1
0.6181714597902099,1
0.6215991169920665,1
0.7334942875640198,0
0.4810787070586084,0
0.5935123702927277,0
0.7001085601720861,1
0.739244765894634,1
0.5718144009852966,0
0.585281537345979,1
0.6488393239831297,1
0.5824359930029908,0
0.6602629669258294,1
0.3462759473451507,1
0.574751410236792,1
0.6815348524653543,0
0.43761848223719874,0
0.2547631371356249,0
0.6035688992209003,1
0.6630576627644714,1
0.6626238496356811,1
0.6532528592496151,1
