target,prediction
1,0.65300816
1,0.80867684
0,0.6347242
0,0.6332664
0,0.5407979
1,0.7986073
1,0.6376685
1,0.65118134
0,0.66114473
1,0.50226265
1,0.72733945
1,0.65118134
1,0.63851583
1,0.6745591
1,0.57707214
1,0.6636225
1,0.42622384
1,0.70907074
1,0.7007132
0,0.595867
0,0.5690329
1,0.5355011
1,0.55765295
0,0.621205
1,0.55740476
0,0.5551503
1,0.7368101
0,0.661036
1,0.65743047
0,0.6238139
0,0.5189196
1,0.66631675
1,0.5735668
0,0.6238139
1,0.70834637
1,0.7136916
1,0.7634413
0,0.65244895
0,0.6424893
1,0.59587014
1,0.6106574
1,0.6238139
1,0.8826022
1,0.76764303
1,0.7108955
1,0.70798254
1,0.5482468
1,0.5906754
0,0.4109237
0,0.4486601
1,0.6071544
1,0.72085625
1,0.71281594
1,0.5791169
1,0.5640369
0,0.6197776
0,0.6942642
1,0.5741756
0,0.7299713
1,0.7716587
1,0.5549919
0,0.66670656
0,0.66114473
0,0.6208253
1,0.6640331
1,0.6022657
0,0.79106885
0,0.58763295
1,0.61465836
0,0.58825666
1,0.6238139
0,0.545524
0,0.5355011
1,0.6238139
0,0.6288889
1,0.62309486
0,0.4612842
1,0.61816984
1,0.7268594
1,0.6511692
0,0.5331882
1,0.58894885
0,0.65311545
0,0.3808623
1,0.5161666
1,0.6812305
0,0.65664846
0,0.6575221
1,0.6646429
0,0.6238139
1,0.67245656
1,0.7117368
1,0.5309915
1,0.71718836
1,0.3716097
1,0.6179588
1,0.57666016
1,0.6553233
1,0.67745346
1,0.6050055
1,0.6141693
0,0.4379112
1,0.65852445
1,0.39168376
0,0.4673639
1,0.64826125
0,0.3174319
1,0.7551937
0,0.701332
1,0.539056
0,0.62962306
1,0.5059509
1,0.65118134
0,0.4109237
1,0.65238464
1,0.6252919
1,0.6526702
0,0.46788305
1,0.6598172
1,0.64350253
1,0.65448767
0,0.44166183
0,0.4109237
1,0.6238139
0,0.5036349
1,0.7007132
0,0.7488385
1,0.5928823
0,0.688352
1,0.5456293
1,0.5251158
1,0.59136
1,0.7035574
1,0.64670265
0,0.45916697
1,0.65391207
1,0.6257741
1,0.5271307
0,0.6238139
1,0.6510382
0,0.65343225
1,0.72536826
0,0.25517666
1,0.8163961
0,0.62094235
0,0.38773242
0,0.56833243
0,0.615052
0,0.5994256
1,0.5355011
0,0.63961875
0,0.59587634
1,0.76501316
1,0.5908981
0,0.28314024
0,0.29787695
1,0.62321675
1,0.69052327
1,0.55275756
0,0.18742628
1,0.6537801
0,0.5331882
0,0.48778328
0,0.6231502
1,0.72313696
0,0.18851955
1,0.6428323
1,0.5036349
1,0.5331882
0,0.4558139
1,0.7177861
1,0.6177902
1,0.8163961
1,0.7329889
0,0.4517165
0,0.42056736
0,0.60417193
0,0.54327685
1,0.6140898
0,0.6477094
1,0.68164307
0,0.62805456
1,0.53943855
0,0.6396241
0,0.6135828
1,0.7209931
1,0.6497755
1,0.63890773
1,0.74229664
0,0.41928658
1,0.6980499
1,0.6396964
0,0.5444574
1,0.5797397
0,0.34250483
1,0.62400067
1,0.6238139
1,0.21586649
0,0.65391207
1,0.6233337
0,0.6238139
0,0.23429804
0,0.6238139
0,0.5546858
0,0.5538396
1,0.65566117
1,0.6274751
1,0.6228693
1,0.65391207
0,0.48694503
0,0.5614323
0,0.6238139
1,0.5806126
0,0.68440956
1,0.5736396
1,0.72474706
1,0.61379164
1,0.6238139
1,0.5331882
0,0.4554257
1,0.7667872
1,0.67398876
1,0.6818838
1,0.6143474
1,0.7133768
0,0.6238139
1,0.42689762
1,0.69781446
0,0.5694688
0,0.7077358
1,0.6179588
0,0.6488264
1,0.7906538
0,0.38206348
0,0.48919854
0,0.61358064
1,0.7323733
1,0.7024256
0,0.6238139
1,0.6468934
0,0.63163644
1,0.5972519
1,0.6719609
1,0.77665335
1,0.6693003
1,0.7051876
1,0.7755112
1,0.81756693
1,0.56156313
1,0.64792985
1,0.6241601
0,0.5867772
1,0.6260339
1,0.65391207
0,0.5765331
0,0.6238139
1,0.5743832
1,0.6466199
1,0.6506552
1,0.6374252
0,0.23237062
0,0.6238139
1,0.6115304
1,0.61614776
1,0.65512776
1,0.6534797
1,0.6415067
1,0.63445383
0,0.6296553
1,0.6554306
1,0.8876783
1,0.7368721
1,0.6509561
0,0.65391207
1,0.5319952
1,0.6179588
1,0.65009284
0,0.6238139
0,0.23932984
1,0.63270956
0,0.15383212
0,0.65118134
0,0.4109237
1,0.6682185
0,0.627982
1,0.6402169
1,0.6544965
0,0.585629
1,0.6438082
1,0.63328326
0,0.19018333
1,0.6238139
1,0.6163356
1,0.63484603
1,0.7007132
1,0.6330307
0,0.72481066
0,0.6238139
1,0.8163961
0,0.60866857
1,0.721415
1,0.6082793
0,0.6071544
0,0.61300015
1,0.65597945
1,0.63179505
1,0.6586745
1,0.56222934
0,0.58710897
0,0.7091014
1,0.5537817
1,0.65118134
0,0.6238139
1,0.69855684
0,0.60910237
1,0.61171275
1,0.6238139
1,0.63852817
1,0.5854616
1,0.6252919
0,0.65391207
1,0.75465465
1,0.65448767
1,0.69316846
0,0.6238139
0,0.6335727
1,0.48736113
1,0.7011726
0,0.6604276
1,0.6389274
0,0.6001539
1,0.6238139
0,0.7853954
1,0.7353326
0,0.67098516
1,0.6238139
0,0.45063952
1,0.6238139
0,0.51424885
1,0.6615222
0,0.45595962
1,0.6023611
1,0.66631675
0,0.75668156
0,0.6238139
1,0.6442472
0,0.688352
1,0.6238139
1,0.6238139
1,0.63033354
0,0.59420496
1,0.66631675
1,0.67160505
0,0.6414944
1,0.6238139
0,0.68389064
0,0.6137357
1,0.6211932
1,0.63428867
0,0.577368
0,0.4302814
1,0.6804957
1,0.64951
0,0.5951029
0,0.2983097
1,0.6071544
1,0.6363202
0,0.62697875
1,0.5850893
1,0.5494844
0,0.6445517
1,0.63484603
0,0.5331882
1,0.81431806
0,0.4630643
0,0.6238139
1,0.6238139
0,0.72006816
1,0.74274814
0,0.6338254
0,0.59136
1,0.8606692
1,0.7697887
0,0.5787986
1,0.7277166
1,0.69505584
1,0.6838576
1,0.6187956
0,0.6238139
0,0.6257952
1,0.65118134
1,0.6924015
1,0.62337893
1,0.6342364
1,0.607922
1,0.65996313
1,0.71895385
0,0.6471597
1,0.58638585
0,0.65118134
0,0.50348955
1,0.65391207
0,0.5765331
1,0.6268538
1,0.79123086
1,0.68416655
1,0.6587856
1,0.6590586
1,0.71180826
0,0.63627166
1,0.6394917
1,0.6238139
1,0.63706535
0,0.6705191
1,0.6238139
1,0.6238139
0,0.5331882
0,0.6437055
0,0.5804755
1,0.6569044
0,0.710574
1,0.65391207
1,0.52762747
0,0.53510094
1,0.6238139
0,0.6252919
1,0.5797569
1,0.72611374
1,0.5919505
0,0.58705425
0,0.6460299
1,0.74601746
1,0.6758134
1,0.60370874
1,0.59897935
0,0.572192
1,0.6284935
0,0.6548754
1,0.8286752
0,0.6022657
1,0.81609994
0,0.6760049
0,0.5735211
0,0.7774784
0,0.6693003
1,0.6728597
1,0.6238139
1,0.5277162
1,0.5331882
1,0.7007132
0,0.21906187
1,0.34693924
1,0.66631675
1,0.79036915
0,0.6397087
1,0.7766757
0,0.662016
0,0.61958605
1,0.50236666
1,0.58638585
0,0.57122225
0,0.7650619
1,0.55257666
1,0.6238139
1,0.4515199
0,0.6755543
0,0.6607708
1,0.46498683
1,0.6810298
1,0.64723146
0,0.6238139
1,0.5780089
0,0.6357384
1,0.62995
1,0.634596
0,0.48986414
0,0.5549919
0,0.4702723
0,0.30492324
1,0.6487398
1,0.6653819
1,0.68736523
1,0.6238139
1,0.8263598
1,0.6238139
1,0.52749574
1,0.62253547
0,0.70897764
0,0.74080986
1,0.63598025
1,0.7007132
1,0.19683051
1,0.6806012
1,0.6398697
0,0.6240096
0,0.6238749
1,0.60131544
1,0.65448767
0,0.6238139
0,0.66172534
1,0.5925347
0,0.6238139
0,0.6610701
0,0.57690996
1,0.7007132
0,0.6238139
0,0.7161337
1,0.6660421
1,0.73898965
0,0.5331882
0,0.42129904
1,0.59590167
1,0.6888053
1,0.7269341
1,0.6238139
1,0.69324046
1,0.45960483
1,0.7175622
1,0.6049155
1,0.60802364
0,0.58815855
0,0.3711998
0,0.60481924
1,0.6238139
0,0.5228953
1,0.5700579
0,0.66114473
0,0.6753358
0,0.57531273
1,0.6238139
1,0.5871124
1,0.62667847
1,0.5331882
1,0.6801941
0,0.5036349
1,0.73800284
0,0.63182473
0,0.6547619
1,0.6497755
1,0.6737741
1,0.65391207
1,0.5706511
1,0.5249843
1,0.67882913
0,0.65355575
1,0.7131584
0,0.64542866
1,0.6061522
0,0.6333025
1,0.78503597
0,0.6709735
0,0.4412241
0,0.6733377
0,0.72251624
1,0.5964977
1,0.58894885
1,0.62457246
1,0.6238139
0,0.6238139
0,0.31897715
0,0.6666049
1,0.59828603
1,0.6130171
0,0.13892187
1,0.64516234
1,0.71895385
0,0.6252919
0,0.6415536
1,0.78335893
1,0.6458638
1,0.62560815
1,0.6238139
1,0.6511692
1,0.6238139
1,0.44257206
0,0.43948248
0,0.66630185
1,0.63233525
1,0.62805504
1,0.5475651
0,0.4572574
0,0.408773
1,0.6266038
1,0.58638585
1,0.62125957
0,0.49452245
0,0.5765331
0,0.6238139
1,0.5760969
1,0.6587326
0,0.49568838
0,0.33379865
1,0.6238139
0,0.6071544
0,0.6238139
1,0.60554916
1,0.6591092
1,0.5370665
1,0.41208696
1,0.64905983
1,0.629887
0,0.38257587
1,0.60245425
1,0.62679285
0,0.60131544
0,0.71602905
0,0.46104872
0,0.64951
1,0.63192666
0,0.65448767
1,0.5944472
0,0.3993381
1,0.6238139
0,0.61457974
0,0.6499497
1,0.5007544
1,0.6238139
0,0.21993116
1,0.6930314
0,0.6215037
1,0.46233705
1,0.6424904
1,0.63916254
0,0.64271235
1,0.6238139
0,0.31442365
1,0.5036349
0,0.6238139
1,0.658758
0,0.69723296
1,0.6238139
1,0.5331882
1,0.7007132
1,0.5025786
1,0.6240547
1,0.6238139
1,0.58638585
1,0.65391207
0,0.6665067
1,0.8268791
1,0.48373827
0,0.5331882
1,0.68255836
1,0.6102438
0,0.6265576
0,0.59769785
0,0.62367886
1,0.51870036
1,0.7232869
1,0.5456419
1,0.55407524
1,0.6238139
0,0.63807076
0,0.40139934
1,0.6378116
0,0.2790439
1,0.57707214
1,0.65355986
0,0.6238139
1,0.8132509
0,0.6238139
0,0.5024595
0,0.26970515
1,0.7653331
1,0.61674595
1,0.5549919
1,0.7687681
0,0.5912058
1,0.7007132
1,0.7011726
1,0.555916
1,0.64708996
1,0.7546049
0,0.6238139
1,0.6705191
1,0.5946954
1,0.55740476
1,0.48213404
1,0.6414944
1,0.6071544
1,0.7070551
1,0.58923703
1,0.77691144
1,0.61171275
1,0.63270956
1,0.63433284
0,0.54315525
1,0.637755
1,0.741956
0,0.6367491
1,0.73968315
1,0.6179588
1,0.69328535
1,0.6848427
0,0.6223751
0,0.65448767
1,0.6238053
0,0.6252919
1,0.72822595
1,0.51654404
0,0.6332081
1,0.62353855
0,0.47788703
0,0.6478765
1,0.6238139
1,0.50325674
1,0.6238139
0,0.53824395
0,0.44190657
0,0.6477094
1,0.67039454
0,0.61090666
0,0.39540258
0,0.6591288
1,0.6238139
1,0.59550047
1,0.48416457
1,0.70659035
1,0.6378116
1,0.6509561
1,0.67769516
1,0.5860337
1,0.47273198
0,0.5546031
0,0.686916
0,0.6587856
1,0.6238139
1,0.7210252
0,0.78397787
1,0.66114473
0,0.549881
1,0.6482399
1,0.7098661
1,0.6424893
1,0.6378116
0,0.6295622
0,0.6194784
1,0.6182501
1,0.6710532
1,0.58013767
1,0.66180307
1,0.513995
1,0.6238139
0,0.5331882
1,0.62506884
1,0.6570449
0,0.6002256
1,0.53227687
0,0.57336533
1,0.7277434
1,0.76643157
1,0.6238139
1,0.6238139
1,0.58638585
1,0.3607199
1,0.71901023
1,0.6238139
0,0.6238139
1,0.6043966
1,0.6951474
0,0.6238139
0,0.66355747
0,0.6238139
0,0.63005036
1,0.6431132
1,0.65521955
0,0.7490789
0,0.6929943
0,0.7108263
0,0.60980296
1,0.6808373
1,0.6982494
1,0.6424893
1,0.50848573
0,0.7064272
1,0.5857975
1,0.34011194
1,0.58638585
1,0.5932062
0,0.697004
1,0.74927217
0,0.58638585
1,0.6560311
1,0.7007132
0,0.6587451
1,0.6554306
1,0.5893126
0,0.5692954
1,0.64253926
0,0.49819195
1,0.79555887
0,0.48393023
0,0.28662097
1,0.65391207
1,0.62703186
1,0.8201621
1,0.64321226
1,0.6764851
1,0.45690706
1,0.62970763
1,0.68920314
1,0.66662437
0,0.481381
1,0.6093877
1,0.6238139
0,0.37819567
1,0.6242442
0,0.6434981
1,0.6238139
1,0.72853696
1,0.59681314
0,0.4990363
1,0.6180374
0,0.7193364
1,0.6238139
1,0.52905154
0,0.4943597
0,0.35575175
1,0.5031313
0,0.41779774
1,0.62411374
1,0.58264
1,0.65448767
1,0.75574
1,0.60499364
1,0.7977527
1,0.6238139
0,0.6238139
0,0.35718012
0,0.5745173
0,0.58894885
1,0.678715
0,0.6238139
1,0.6332822
1,0.63479906
1,0.688352
0,0.5331882
1,0.6723461
1,0.65516824
0,0.6660421
0,0.6782178
1,0.6297002
1,0.6238139
1,0.7896488
0,0.62004584
1,0.62884235
0,0.48198518
1,0.5111121
1,0.6110652
1,0.64951193
0,0.6844244
1,0.6238139
0,0.6177196
0,0.58612156
1,0.6238139
1,0.6289566
0,0.6202067
0,0.65391207
1,0.46543884
1,0.37084338
0,0.5848232
1,0.6373213
0,0.64766353
1,0.6415067
0,0.5370665
1,0.57729787
1,0.6685403
0,0.36429247
1,0.6238139
0,0.38067323
1,0.72227496
1,0.62010336
1,0.74004793
0,0.62995
1,0.62075937
1,0.6360729
0,0.55470043
1,0.5913281
1,0.37297297
0,0.5733907
0,0.55924034
0,0.44466788
0,0.46153688
0,0.6238139
0,0.6238139
1,0.6304258
1,0.6238139
0,0.5967635
1,0.6147584
0,0.62546957
1,0.6238139
1,0.6391604
1,0.6105617
0,0.61987054
0,0.5271307
1,0.797923
1,0.64680976
1,0.633336
1,0.55781007
1,0.82497823
1,0.41289172
0,0.5018785
0,0.32450736
0,0.640433
0,0.6511692
0,0.3514504
1,0.57064795
0,0.6305315
0,0.5331882
1,0.44679993
1,0.6238139
0,0.6498638
1,0.6238139
1,0.6187564
0,0.62367886
1,0.750374
1,0.56746805
1,0.6218796
0,0.6448734
1,0.74181277
1,0.63197315
0,0.65448767
0,0.6688358
0,0.6238139
0,0.47764838
0,0.617796
0,0.55644923
1,0.6284312
0,0.58431816
0,0.4350417
1,0.53596294
1,0.64951
0,0.29750708
0,0.5994256
1,0.5228953
0,0.56815493
0,0.6336265
1,0.6057408
1,0.8030606
0,0.60237926
1,0.62629324
1,0.6238139
0,0.3975746
1,0.7414885
0,0.59751284
0,0.57099825
1,0.7694337
0,0.58560497
1,0.69734055
1,0.6238139
1,0.6238139
0,0.58806586
0,0.6238139
1,0.64476687
0,0.34032938
1,0.6286428
1,0.69316846
1,0.79022497
1,0.65391207
1,0.6286741
1,0.6941092
0,0.48343185
0,0.6088008
0,0.61861485
1,0.6908513
1,0.5053569
1,0.7224455
0,0.553944
1,0.51770246
0,0.6646268
0,0.30793315
1,0.7007132
1,0.6428189
1,0.72723615
0,0.6238139
1,0.6615487
1,0.62847155
1,0.5436426
1,0.64826125
0,0.6587393
1,0.77655095
1,0.5850571
1,0.6333025
1,0.6601211
1,0.65118134
0,0.45895496
0,0.6588986
1,0.76864487
0,0.6326538
1,0.65391207
1,0.5315169
0,0.2084294
0,0.6238139
0,0.49668393
1,0.6487212
0,0.6343331
1,0.6284935
0,0.67187834
1,0.59566605
0,0.78196853
1,0.56133467
1,0.6511692
0,0.5936863
1,0.62697923
1,0.58638585
0,0.552801
1,0.6488688
0,0.3680386
0,0.5036349
1,0.5331882
1,0.6046964
1,0.6238139
1,0.40661237
1,0.6110652
0,0.4109237
1,0.6295622
1,0.7135126
0,0.5735269
1,0.6071544
1,0.74527293
1,0.6090241
1,0.6373337
1,0.5994256
1,0.6238139
1,0.63744736
0,0.7494805
0,0.7165192
1,0.6894268
1,0.66631675
0,0.54389966
0,0.6252919
0,0.46191767
1,0.87190175
0,0.5355011
1,0.61230284
1,0.6445725
0,0.6238139
0,0.6614284
0,0.45155892
1,0.6332822
0,0.6431009
1,0.6238139
0,0.7007132
0,0.25444782
0,0.5994256
1,0.7497618
1,0.5312151
0,0.6432597
0,0.6238139
1,0.62223667
0,0.6071544
1,0.6136467
1,0.63273615
1,0.57484174
0,0.56153923
0,0.54503363
1,0.6204967
0,0.48625344
1,0.51825154
1,0.6238139
0,0.6238139
0,0.6551422
1,0.69633627
0,0.60596585
0,0.6238139
1,0.61220527
1,0.43350312
1,0.624316
1,0.67163724
1,0.65045637
1,0.72783566
0,0.6238139
0,0.6160751
1,0.7860029
1,0.5549919
0,0.7064868
1,0.6029315
0,0.5994256
0,0.7748982
1,0.6238139
0,0.6238139
0,0.5992119
1,0.6238139
1,0.5313385
1,0.5036349
1,0.43537912
0,0.6175986
0,0.606452
1,0.61164874
0,0.7177039
1,0.5303729
1,0.6396522
1,0.5595536
1,0.6238139
0,0.62912774
1,0.5894699
0,0.6238139
1,0.6238139
0,0.646416
1,0.6071544
1,0.64476687
1,0.6695343
0,0.6238139
0,0.5303485
1,0.7299713
1,0.67782104
1,0.6065442
1,0.5251158
0,0.6735198
1,0.58091015
0,0.6291459
0,0.4485904
1,0.72370785
0,0.66719025
0,0.6431132
0,0.7163296
1,0.6752061
1,0.40542075
1,0.85390055
1,0.7007132
1,0.65685433
1,0.6849874
1,0.6070774
1,0.6366829
0,0.5726171
0,0.6498575
1,0.65118134
1,0.65118134
1,0.644455
0,0.5931406
1,0.5744437
1,0.47064564
0,0.6656971
1,0.6938879
1,0.6600884
1,0.5210288
1,0.5107748
0,0.6169759
0,0.63598025
1,0.76010436
1,0.6238139
1,0.6057349
1,0.73318225
1,0.6660421
1,0.6238139
0,0.6511692
1,0.5058002
1,0.6289566
0,0.61939496
1,0.7135821
1,0.62210333
1,0.6569772
0,0.6238139
0,0.6904362
1,0.66704386
1,0.7850456
1,0.5448835
1,0.7081154
0,0.6238139
0,0.54293483
1,0.42547077
0,0.6660421
1,0.65448767
0,0.5061861
1,0.73800284
1,0.61142945
1,0.60152787
1,0.6238139
1,0.6494222
1,0.63495463
0,0.5890376
1,0.6238139
1,0.652348
0,0.6662268
0,0.8218437
0,0.39458367
0,0.6238139
0,0.5468392
1,0.6099836
1,0.7501626
0,0.5432728
1,0.6329849
0,0.60910237
1,0.7154962
1,0.62697875
1,0.63244534
1,0.5994256
0,0.52880496
1,0.67639637
1,0.6537801
0,0.7847083
0,0.7305154
0,0.52348197
0,0.5628133
1,0.7622641
0,0.6514921
0,0.6355879
0,0.5487441
1,0.39177555
0,0.59902203
0,0.45897424
1,0.71636736
0,0.48941898
0,0.40308663
1,0.59757113
1,0.64271
1,0.6741216
1,0.6330444
1,0.68544877
1,0.33856148
1,0.6238139
0,0.6506997
0,0.5362298
1,0.62401414
1,0.83354807
1,0.5331882
0,0.6247431
0,0.68565685
1,0.6117108
0,0.599058
1,0.54525477
1,0.5144767
0,0.6238139
0,0.6238139
0,0.59136
0,0.55740476
0,0.37226322
0,0.6238139
0,0.5899318
0,0.57979137
0,0.6238139
1,0.6238139
0,0.64393795
1,0.73393494
1,0.71504766
1,0.7299713
0,0.44974202
0,0.5331882
1,0.75676066
1,0.6238139
1,0.6198643
1,0.6605484
0,0.66927594
1,0.52058357
1,0.5737479
1,0.54804343
0,0.6511692
1,0.6497755
0,0.5217507
1,0.78644663
1,0.7127379
1,0.60700583
0,0.632096
0,0.6397087
1,0.64964616
0,0.6518051
0,0.59136
1,0.6623299
0,0.6022657
1,0.58049375
0,0.3386554
1,0.37720162
0,0.6002263
0,0.40909111
0,0.72218806
1,0.6238139
1,0.6454308
1,0.66114473
1,0.64951
0,0.42420533
1,0.30471367
1,0.7007132
1,0.63742286
1,0.66805077
1,0.6238139
0,0.54891896
0,0.7632131
1,0.64951
1,0.6785307
0,0.45328498
0,0.6013176
1,0.5458256
0,0.71944046
1,0.50040627
1,0.6951474
0,0.3684997
0,0.3383518
0,0.5566895
1,0.5288822
1,0.74896884
1,0.72762835
1,0.5880431
0,0.6034471
1,0.6515605
1,0.62764263
1,0.53817064
0,0.66631675
0,0.62411374
1,0.65391207
0,0.6463954
0,0.63518465
0,0.4943132
1,0.76351064
1,0.59022003
1,0.67928934
0,0.6511692
1,0.6435937
0,0.5719297
1,0.4616338
1,0.6442066
0,0.6202067
1,0.6659681
1,0.6442901
0,0.64253926
1,0.67308295
1,0.55048627
1,0.4892015
0,0.50341344
0,0.24785884
0,0.6238139
1,0.6071544
0,0.6323139
0,0.6238139
1,0.68623483
0,0.5846182
0,0.6511692
1,0.6705332
1,0.7189818
1,0.7037698
1,0.65448767
1,0.6238139
0,0.6512841
0,0.56746256
0,0.6238139
1,0.5511033
1,0.7172388
1,0.66901237
0,0.65391207
0,0.4184988
1,0.6351056
1,0.6106465
0,0.51936454
0,0.6238139
1,0.5036349
1,0.6238139
1,0.6170753
1,0.63684285
1,0.5604092
0,0.6238139
0,0.6349211
0,0.6090027
1,0.62353855
1,0.6414944
0,0.66631675
1,0.65977967
1,0.6516464
1,0.6644944
1,0.6252919
1,0.57275915
0,0.35075715
1,0.55012566
1,0.3957373
1,0.5488329
1,0.5355011
1,0.6243863
1,0.7130764
1,0.691675
0,0.5996916
1,0.66631675
1,0.6238139
1,0.65399337
0,0.6358679
1,0.6851572
0,0.6297002
1,0.65195864
1,0.7320936
1,0.70909125
1,0.6249326
1,0.68757504
1,0.6252919
0,0.7202846
1,0.6476258
1,0.55243796
0,0.6190881
1,0.6336891
1,0.6808002
0,0.6238139
0,0.4642436
1,0.63309383
1,0.6238139
1,0.6402295
0,0.6098824
1,0.7076331
1,0.6705191
0,0.53209877
0,0.49714577
0,0.64951
1,0.6667898
1,0.7137236
1,0.7910583
1,0.5036349
1,0.46528715
0,0.62353855
0,0.6123661
1,0.6238139
0,0.58160377
1,0.614567
1,0.6609705
0,0.5363268
1,0.62458915
1,0.66631675
1,0.5846476
1,0.7267277
0,0.52092427
1,0.19786176
1,0.6543631
0,0.45193288
1,0.51696664
1,0.6403101
0,0.55547696
1,0.6341704
1,0.6297002
1,0.6057211
1,0.78278387
0,0.64165074
0,0.6424893
0,0.5994671
0,0.5310686
1,0.6238139
0,0.73620266
1,0.61701965
0,0.47931787
1,0.6424893
0,0.6238139
1,0.5036349
1,0.6297002
0,0.7072504
1,0.6238139
1,0.63328326
1,0.554364
0,0.6318354
0,0.62805164
1,0.6297002
0,0.45618212
1,0.721275
1,0.6100248
1,0.58638585
1,0.5090594
1,0.6125462
0,0.61827993
0,0.5877634
1,0.6238139
1,0.5835865
1,0.6238139
1,0.6132088
1,0.77552193
1,0.66631675
1,0.6441382
1,0.59136
0,0.67631227
0,0.65391207
0,0.5994256
1,0.6395271
0,0.2511656
0,0.4658792
1,0.61054057
1,0.6066812
1,0.74056774
1,0.59135103
1,0.62912774
0,0.45609993
1,0.65391207
1,0.6806012
0,0.4849806
1,0.6442066
1,0.5761102
0,0.5199776
0,0.5036349
0,0.41341537
0,0.7064771
1,0.60701805
1,0.69773823
0,0.3056276
1,0.7667872
0,0.54537565
0,0.5724601
1,0.6238139
1,0.53566515
0,0.6057211
1,0.561277
1,0.71963876
1,0.7851463
0,0.56708246
0,0.39398223
1,0.6238139
1,0.63851583
1,0.5194367
0,0.28298938
1,0.6874076
1,0.6238139
0,0.39549458
0,0.60197383
0,0.65391207
0,0.5214303
1,0.62101626
0,0.75557715
0,0.63526565
0,0.65719295
1,0.61572367
1,0.60910237
0,0.5501042
1,0.5036349
0,0.6238139
1,0.7674535
1,0.7634721
1,0.6461279
0,0.53659976
0,0.64710444
1,0.71718836
1,0.6238139
0,0.6660421
1,0.60241026
1,0.75845736
0,0.4300785
0,0.6127129
1,0.58821774
0,0.6099175
0,0.47261527
0,0.64351785
1,0.35226786
0,0.7026877
1,0.59621704
1,0.6437055
1,0.670443
0,0.5849887
0,0.49920577
0,0.6226813
1,0.638362
1,0.71520287
1,0.62261444
1,0.8450934
0,0.6238139
1,0.62353855
0,0.352009
1,0.42680255
0,0.6298962
0,0.6086578
0,0.25907624
1,0.6071544
0,0.63074017
1,0.6164853
0,0.81104046
0,0.6629078
0,0.536197
1,0.56910294
0,0.44269902
1,0.63627166
1,0.5331882
1,0.5787192
0,0.707195
0,0.6238139
0,0.6478968
0,0.5953701
0,0.63212913
1,0.6027101
1,0.60193527
1,0.6208253
1,0.66114473
1,0.6379733
0,0.6297002
0,0.6238139
1,0.6385369
1,0.6238139
0,0.62653637
0,0.65391207
1,0.5694688
1,0.6660421
1,0.63484603
1,0.6089825
1,0.7450106
1,0.6652459
1,0.66390204
1,0.70154184
1,0.6238139
1,0.6135827
0,0.6238139
0,0.57244515
0,0.4287298
0,0.7638524
1,0.54171866
1,0.66576284
0,0.682573
0,0.6957137
1,0.61060876
0,0.66173404
1,0.6238139
1,0.61578876
1,0.5379027
1,0.6551304
1,0.6252919
0,0.5036349
0,0.6619753
1,0.7122759
0,0.27489993
1,0.5888925
1,0.7325287
0,0.6095518
1,0.6335714
0,0.63816017
1,0.81104046
0,0.64243037
1,0.65183675
0,0.65320176
1,0.6670939
0,0.49732396
1,0.6723461
1,0.60917264
1,0.70981765
1,0.62749475
1,0.6238139
1,0.6915096
1,0.7039476
1,0.49270412
0,0.57074237
0,0.33053383
0,0.6238139
0,0.14923812
1,0.58349764
1,0.7007132
0,0.5933039
1,0.6188969
0,0.4479684
0,0.65391207
0,0.40364757
1,0.63214153
1,0.6733722
1,0.6033733
0,0.682635
1,0.66631675
1,0.6238139
1,0.46728736
1,0.5355011
1,0.5831952
0,0.5896159
1,0.6230114
1,0.6238139
0,0.509773
1,0.5214165
1,0.56745493
0,0.6131846
0,0.65391207
1,0.6238139
1,0.6102363
1,0.77014565
1,0.6420103
1,0.5331882
0,0.7433072
1,0.65391207
1,0.6238139
1,0.6238139
0,0.4059402
1,0.65391207
1,0.65448767
1,0.6291886
1,0.6749834
0,0.45859382
0,0.6651937
0,0.3988213
1,0.64419824
0,0.45251295
1,0.596092
0,0.6341704
1,0.5583452
0,0.5884969
1,0.6476427
0,0.54688
1,0.61193615
1,0.7357024
1,0.6181319
0,0.42645273
1,0.6431009
1,0.7009185
1,0.5448289
0,0.6252919
1,0.57175446
0,0.6356097
1,0.5036349
1,0.6677778
0,0.6238139
0,0.6247431
1,0.5982126
0,0.67769516
0,0.39557973
1,0.41719225
0,0.6285968
0,0.53133935
1,0.69048417
1,0.6238139
1,0.61702764
1,0.63987553
0,0.55837476
0,0.6488688
1,0.72374845
1,0.6238139
0,0.34462476
1,0.6378116
0,0.6285227
0,0.6238139
1,0.6179588
0,0.5036349
1,0.6238139
1,0.6238139
1,0.65391207
0,0.53705925
1,0.5271307
1,0.6238139
1,0.6876485
1,0.7411134
1,0.6676482
1,0.5331882
1,0.7469947
1,0.6238139
0,0.6238139
0,0.64488167
0,0.6238139
1,0.7469721
1,0.60786545
1,0.690897
0,0.66971666
1,0.6238139
1,0.6749834
0,0.53615737
0,0.65756315
0,0.4017162
0,0.46423334
1,0.6252919
0,0.6238139
0,0.62223375
1,0.6752565
0,0.6197642
1,0.5977088
1,0.6238139
1,0.5985106
0,0.60899204
1,0.55519634
1,0.6032971
1,0.59666955
1,0.6518051
1,0.65949774
0,0.787885
1,0.6268654
1,0.8137345
0,0.7490805
1,0.6252919
0,0.46983337
1,0.6310608
1,0.7349866
1,0.63208324
0,0.6266026
1,0.6238139
1,0.54926085
1,0.7125503
0,0.312859
1,0.6558438
1,0.5545961
0,0.63163644
0,0.6238139
0,0.56147105
1,0.6238139
1,0.58638585
1,0.65179527
0,0.75927675
1,0.84463394
1,0.63469774
1,0.72897774
1,0.6037233
1,0.67300105
1,0.638362
1,0.62144476
0,0.6402548
0,0.49757546
1,0.54918754
1,0.61980885
0,0.6431009
0,0.38555166
1,0.7692663
0,0.7072504
1,0.603088
1,0.37281296
0,0.7118973
1,0.6238139
1,0.6443247
1,0.65391207
1,0.62528783
1,0.6156228
1,0.72857535
1,0.68163234
1,0.63665634
0,0.6177406
1,0.5963513
1,0.6806012
1,0.7377045
1,0.5059789
1,0.52350634
0,0.7016155
1,0.6238139
0,0.6260406
0,0.38709858
1,0.63033354
1,0.7007132
0,0.6238139
0,0.60587794
0,0.6833728
1,0.6238139
0,0.58638585
1,0.6002263
0,0.58894885
0,0.612682
1,0.6297002
0,0.5456118
1,0.66273165
0,0.62050015
0,0.6238139
1,0.5734007
0,0.3514378
0,0.6501343
0,0.58444995
0,0.6186085
1,0.59925145
1,0.6238139
0,0.5325997
0,0.55740476
0,0.7063759
1,0.652348
0,0.7009638
0,0.69011015
0,0.59837675
1,0.4107435
1,0.55882543
1,0.6864889
1,0.6658417
1,0.74737114
1,0.5331882
1,0.6723461
0,0.66114473
0,0.32893923
0,0.6238139
1,0.65118134
0,0.6238139
0,0.45933646
1,0.6071544
0,0.6369103
1,0.66077155
1,0.6238139
1,0.7137236
1,0.6238139
1,0.57453704
1,0.6806012
0,0.5745173
1,0.5012619
1,0.6216556
0,0.6817344
0,0.5580695
1,0.6449211
0,0.62697875
1,0.63246477
1,0.61702764
0,0.59693474
1,0.74502385
0,0.62411374
0,0.6096744
1,0.55337244
0,0.6105648
1,0.6238139
1,0.56968236
1,0.66631675
1,0.44225785
1,0.36937207
1,0.6071544
0,0.66353136
1,0.792569
1,0.6238139
0,0.6689338
1,0.6992387
1,0.65391207
1,0.60587895
1,0.53128016
1,0.6967126
1,0.6057211
1,0.6442135
1,0.63769525
1,0.59648615
1,0.6343331
0,0.7007132
1,0.5355011
0,0.4081737
1,0.66801584
0,0.37700382
1,0.6179356
1,0.6660421
0,0.65754503
0,0.6238139
0,0.6501052
1,0.6554306
1,0.6537801
1,0.65391207
1,0.8030049
0,0.5386808
1,0.56109804
0,0.6166336
1,0.50381804
1,0.7028691
0,0.5796718
1,0.6265555
0,0.58104
1,0.66508704
1,0.6660421
0,0.65238464
0,0.6238139
1,0.61698323
0,0.50773007
0,0.5549919
1,0.69396305
0,0.64424366
1,0.6238139
1,0.70187587
1,0.6233234
1,0.6721993
1,0.410911
1,0.5836549
0,0.43441314
1,0.8666603
1,0.6238139
0,0.700204
1,0.6424893
1,0.65118134
0,0.6284205
0,0.71054703
0,0.54734147
1,0.55047303
0,0.6238139
1,0.6238139
1,0.46595818
1,0.79643065
1,0.65391207
0,0.3886902
1,0.6205541
1,0.65448767
1,0.65533715
0,0.6339944
1,0.4644998
0,0.5891796
1,0.51349264
0,0.6238139
1,0.63838214
0,0.6252919
1,0.70879227
1,0.6252919
1,0.61794597
1,0.8278068
0,0.6238139
0,0.71118736
1,0.6660421
1,0.6975767
1,0.6238139
1,0.7327777
0,0.6488622
1,0.63851583
1,0.6400244
1,0.642125
0,0.5986828
0,0.5272181
1,0.64868134
0,0.59136
0,0.6252919
1,0.6252919
0,0.5549919
0,0.5490511
0,0.59743375
1,0.6037225
1,0.6238139
1,0.6310608
1,0.66631675
0,0.6169793
1,0.6460529
0,0.6238139
1,0.49634683
1,0.6300869
0,0.6238139
1,0.5843255
0,0.5747307
1,0.63328326
0,0.58392465
1,0.6642611
0,0.688352
1,0.5331882
1,0.6171404
1,0.6587856
0,0.42231697
1,0.58957356
0,0.5036349
0,0.42745876
1,0.70778537
1,0.40880147
0,0.6188843
1,0.70834637
1,0.5791169
0,0.32488745
1,0.7133459
0,0.5857975
0,0.5445082
1,0.7011726
1,0.7007132
0,0.5693256
1,0.6810324
0,0.60601693
1,0.65391207
0,0.6238139
0,0.6478252
1,0.6238139
0,0.47940767
0,0.6175986
0,0.5308307
0,0.61666596
0,0.6933549
0,0.5739958
1,0.6238139
0,0.5745382
1,0.68297076
1,0.6180731
1,0.6635134
0,0.47502032
0,0.6009486
1,0.575126
0,0.2986636
1,0.6238139
0,0.6238139
0,0.5694688
0,0.47286218
0,0.6272061
1,0.6238139
0,0.6581993
0,0.6238139
1,0.6238139
0,0.5552963
1,0.79410595
0,0.6089359
1,0.67311734
1,0.6511692
1,0.6369131
1,0.5894185
1,0.64665025
1,0.8146548
1,0.6238139
1,0.80452573
0,0.6237122
1,0.58638585
1,0.62778807
1,0.6289413
0,0.7146207
1,0.6437245
1,0.73800284
0,0.5805441
1,0.6082793
0,0.587027
1,0.60610884
0,0.7074463
0,0.4194378
1,0.60697126
1,0.5515503
1,0.53101504
0,0.6351646
0,0.6496849
1,0.79605085
0,0.6175563
1,0.7969394
0,0.64488167
1,0.6238139
1,0.6238139
0,0.6238139
1,0.5331882
0,0.6039043
0,0.70218444
1,0.57685566
1,0.6775426
1,0.6238139
1,0.5830575
0,0.6147034
1,0.57033974
0,0.6436808
1,0.6511692
1,0.56636834
0,0.6180374
1,0.6009381
0,0.6413505
0,0.5210752
1,0.47693482
1,0.6050487
1,0.68794185
1,0.56156933
0,0.6274369
1,0.7054611
1,0.62150085
1,0.67927396
1,0.83402586
1,0.71220326
1,0.6179588
1,0.6431009
0,0.63175565
0,0.3822944
1,0.73800284
1,0.53434795
0,0.5036349
1,0.59674793
1,0.5910057
1,0.6343331
1,0.6284024
1,0.7651125
0,0.24287519
1,0.66911584
1,0.65448767
0,0.62792957
1,0.62912774
1,0.6354139
0,0.7239292
0,0.41018444
1,0.66631675
1,0.492881
1,0.65118134
1,0.6442066
1,0.6315429
1,0.6411693
1,0.6727053
1,0.69962054
1,0.5881039
1,0.73800284
1,0.63592386
1,0.6166905
1,0.5251158
1,0.6347945
1,0.6888858
0,0.5672748
0,0.6378116
1,0.61346817
1,0.6400244
0,0.5355011
1,0.6660421
0,0.7141641
1,0.6238139
0,0.6889318
1,0.71789646
0,0.6693003
1,0.6250633
0,0.6238139
1,0.56287414
1,0.6853243
1,0.5669293
0,0.7046524
0,0.6238139
0,0.57749104
0,0.447797
1,0.7102663
0,0.6243138
0,0.6600266
1,0.6238139
1,0.65118134
0,0.65592396
1,0.6238139
1,0.58638585
1,0.63201106
1,0.67488724
0,0.52131516
0,0.7580607
0,0.7483646
0,0.74597883
1,0.60112447
1,0.66960776
0,0.70174575
0,0.6519914
0,0.54837734
0,0.5685795
0,0.64476687
0,0.59023786
0,0.54174036
1,0.85488766
1,0.72140664
1,0.57413346
0,0.65532976
0,0.49892074
1,0.57449067
1,0.7724144
1,0.55740476
1,0.6715842
1,0.6940754
1,0.6665296
1,0.60169685
1,0.62641734
0,0.76997966
1,0.67963684
0,0.6379733
0,0.14984174
0,0.60005325
0,0.6560311
1,0.72463876
1,0.7269341
1,0.6513967
0,0.529593
0,0.6245284
1,0.6859145
1,0.81932163
1,0.5246853
1,0.63182473
1,0.5036349
1,0.8506347
1,0.6402668
0,0.6353454
1,0.47168657
1,0.6598125
1,0.67166543
0,0.7299713
1,0.7543304
1,0.65118134
0,0.4279131
0,0.6179588
0,0.5743832
1,0.73209214
1,0.7007132
0,0.6668973
1,0.69781446
1,0.7781653
1,0.5510786
1,0.59709936
1,0.6859395
1,0.632096
1,0.73595643
0,0.6239011
1,0.622871
0,0.5667512
0,0.65038186
1,0.5946674
1,0.6414944
0,0.66114473
1,0.8034741
1,0.6134964
0,0.6215319
0,0.6517111
1,0.60648566
0,0.54965246
1,0.6145912
1,0.63852817
1,0.5948098
1,0.7299713
1,0.63362
1,0.6698405
1,0.530596
1,0.6511692
1,0.61718035
0,0.64119774
1,0.65391207
1,0.6755367
1,0.6850272
0,0.6332822
1,0.6238139
1,0.66738033
0,0.5994256
0,0.5727103
1,0.6602112
0,0.68401885
1,0.6310438
1,0.82803684
0,0.6731784
0,0.6057211
1,0.5838541
0,0.8089085
1,0.6238139
0,0.6223408
1,0.6308853
1,0.60193527
0,0.6252919
1,0.64663637
0,0.6341704
1,0.6570344
1,0.6849933
1,0.66468257
0,0.5983218
1,0.6870975
0,0.5331882
1,0.64488167
1,0.71435523
0,0.3983097
1,0.6238139
0,0.6143077
0,0.652932
1,0.64680976
1,0.70778537
0,0.57617944
1,0.6351856
1,0.6238139
0,0.77991694
1,0.778015
1,0.8689609
1,0.6424893
1,0.6369131
1,0.6581993
0,0.43269634
1,0.64917356
1,0.7049583
1,0.70859843
0,0.6252919
0,0.6651387
1,0.56974465
1,0.7729142
1,0.6511112
1,0.65391207
1,0.65758234
1,0.52422583
1,0.7066621
1,0.66140044
0,0.65742326
0,0.54963326
0,0.3890037
0,0.6231726
1,0.6988813
1,0.6016193
1,0.6397087
1,0.6314546
0,0.57535785
1,0.6009486
1,0.6162044
1,0.5732612
1,0.62322044
0,0.6238139
1,0.652348
1,0.65391207
1,0.67498946
1,0.6238139
0,0.50194275
0,0.64866555
1,0.7815688
1,0.5412089
1,0.8444932
1,0.53620565
1,0.48242253
1,0.75953895
1,0.6412169
0,0.6770508
0,0.65939134
1,0.6153652
1,0.5267059
1,0.74118924
0,0.5066873
1,0.70275867
1,0.6071544
1,0.62009126
1,0.5007725
1,0.46970236
0,0.61884093
1,0.6537801
1,0.6414944
1,0.591429
1,0.5452488
0,0.6662067
0,0.56424576
0,0.59897935
1,0.8163961
0,0.6523601
0,0.6238139
0,0.6424893
1,0.6278657
0,0.61078745
1,0.65118134
0,0.6252919
1,0.4109237
1,0.61552846
1,0.6332538
0,0.6057211
1,0.5563406
0,0.65533715
1,0.6316552
0,0.65118134
1,0.58598083
0,0.123200245
0,0.6238139
1,0.7115792
0,0.6359839
1,0.63627166
1,0.64919776
1,0.6667896
0,0.51886725
1,0.6238139
1,0.62593114
1,0.68354845
0,0.40180147
1,0.6379733
0,0.6412578
1,0.7381524
1,0.27752563
1,0.7339451
0,0.6238139
1,0.6238139
1,0.6238139
1,0.48906595
0,0.5942779
0,0.6180374
1,0.63532895
0,0.571725
1,0.79337096
0,0.5331882
1,0.71320033
0,0.5211668
1,0.6733988
1,0.64253926
1,0.6432514
0,0.48674986
0,0.6238139
1,0.6238139
1,0.5613245
0,0.31982878
0,0.688352
1,0.61983
0,0.65391207
1,0.72020173
1,0.65118134
1,0.6415067
0,0.42845303
0,0.46756187
0,0.6165711
1,0.6747361
0,0.6677395
1,0.65492094
0,0.4848163
1,0.65802234
0,0.63314974
0,0.5331882
1,0.74257725
1,0.6613972
1,0.6238139
0,0.5860698
0,0.62294626
1,0.54082966
1,0.6071544
1,0.80399376
1,0.6061964
0,0.2345232
1,0.7020384
1,0.6070432
1,0.5620989
1,0.569155
1,0.6747828
1,0.5960737
0,0.55859846
1,0.64476687
0,0.15948606
0,0.61220044
1,0.70524627
1,0.6669218
1,0.76581323
1,0.5753534
0,0.62699956
1,0.6631954
1,0.65951985
0,0.50734323
1,0.6783677
1,0.65391207
1,0.637949
1,0.6238139
0,0.6238139
0,0.69864154
0,0.61307704
0,0.5994256
1,0.7007132
0,0.65391207
0,0.6646043
0,0.6496849
0,0.5036349
1,0.6123833
1,0.59658706
1,0.6465766
0,0.6303387
1,0.7161337
1,0.6290407
0,0.61643267
0,0.5811312
1,0.69107854
1,0.7236934
0,0.56474686
1,0.5913663
1,0.694533
1,0.69454616
1,0.60263544
1,0.7475692
0,0.4109237
0,0.5998006
0,0.63001746
1,0.6143488
1,0.6043561
1,0.5906975
0,0.5805764
1,0.5331882
0,0.529593
1,0.73648643
1,0.6238139
1,0.5994256
1,0.6660421
0,0.6498638
0,0.6021386
0,0.5460029
1,0.7676084
1,0.6238139
1,0.61963785
1,0.561447
1,0.4997253
1,0.5887256
0,0.41408768
1,0.6238139
1,0.6596984
0,0.7619809
1,0.79013926
0,0.3850353
1,0.5028167
1,0.6238139
1,0.6076148
1,0.59503704
1,0.62505424
1,0.5397116
1,0.6238139
0,0.5701609
1,0.60000145
1,0.6188102
0,0.381572
1,0.5351547
0,0.6238139
1,0.6238139
0,0.530375
1,0.65238464
1,0.6238139
1,0.7092182
1,0.6238139
0,0.5485464
1,0.73696095
0,0.6238139
1,0.6075183
1,0.5798103
0,0.54890954
1,0.72337115
0,0.65208745
1,0.6177051
1,0.74232394
1,0.61171275
1,0.6782953
1,0.6402594
0,0.6422314
1,0.65391207
1,0.77337646
1,0.61148804
1,0.62698907
1,0.7046761
1,0.36145708
1,0.6523552
1,0.67464787
1,0.6448093
1,0.6424893
0,0.5994256
1,0.678183
1,0.3979448
1,0.7024515
1,0.5339182
1,0.71195495
1,0.44678277
1,0.63682145
1,0.6116271
0,0.5271307
1,0.7424825
0,0.6112851
0,0.55740476
1,0.65141433
1,0.5447476
1,0.647058
1,0.60499364
1,0.5469834
1,0.6509561
0,0.6046895
1,0.628833
1,0.69883823
1,0.7007132
1,0.69897157
0,0.631298
1,0.6660421
1,0.77096426
0,0.6411822
1,0.6414944
0,0.6071544
1,0.52596986
0,0.7533104
0,0.5694053
0,0.54141366
1,0.556517
1,0.61386096
1,0.5247089
1,0.66301167
1,0.6504849
0,0.63910156
0,0.58638585
0,0.6334562
1,0.6231061
1,0.65957946
0,0.6369199
1,0.6238139
1,0.6416948
0,0.6238139
1,0.70522815
1,0.3238674
1,0.6308413
0,0.75100064
0,0.30833545
0,0.3431191
1,0.6230264
1,0.7132943
1,0.5756704
1,0.68323505
